A/peregrine falcon/Michigan/23-003553-001/2023	2023-01-26
A/peregrine falcon/California/23-004360-001/2023	2023-01-24
A/peregrine falcon/New York/23-003717-001/2023	2023-01-26
A/peregrine falcon/Nevada/23-002599-001/2023	2023-01-10
A/Canada goose/Louisiana/W23-902/2023	2023-11-21
A/glaucous gull/Alaska/23-025003-001/2023	2023-07-22
A/mute swan/Pennsylvania/23-001169-001/2023	2023-01-09
A/mute swan/Rhode Island/23-007092-001/2023	2023-02-13
A/trumpeter swan/Kansas/W23-928/2023	2023-12-03
A/Turkey/BC/FAV-0306-1/2024	2024-11-07
A/turkey/USA/24-028305-001/2024	2024-09-24
A/turkey/Minnesota/24-018647-002/2024	2024-06-25
A/turkey/Minnesota/24-018153-001/2024	2024-06-20
A/turkey/Michigan/24-011230-001/2024	2024-04-15
A/turkey/Michigan/24-011958-001/2024	2024-04-22
A/turkey/Michigan/24-012707-001/2024	2024-04-29
A/turkey/Minnesota/24-014685-001/2024	2024-05-15
A/turkey/Minnesota/24-015549-001/2024	2024-05-27
A/turkey/Iowa/24-016003-001/2024	2024-06-02
A/turkey/Minnesota/24-014974-001/2024	2024-05-20
A/turkey/Minnesota/24-014975-001/2024	2024-05-17
A/black vulture/Louisiana/W23-118/2023	2023-02-07
A/Striped_Skunk/PEI/FAV-0130-1/2024	2024-04-09
A/Striped_Skunk/PEI/FAV-0111-1/2024	2024-03-14
A/Raccoon/PEI/FAV-0108-1/2024	2024-03-14
A/Raccoon/NS/FAV-0079-1/2024	2024-02-02
A/Red_Fox/NS/FAV-0265-1/2023	2023-05-09
A/Raccoon/PEI/FAV-0247-1/2023	2023-04-18
A/Red_Fox/NS/FAV-0241-1/2023	2023-05-23
A/Striped_Skunk/PEI/FAV-0210-1/2023	2023-05-16
A/Raccoon/PEI/FAV-0199-1/2023	2023-04-29
A/red fox/Michigan/24-013016-005/2024	2024-04-24
A/cat/Colorado/24-020717-001/2024	2024-07-12
A/cat/USA/24-012168-002/2024	2024-04-19
A/cat/New Mexico/24-012046-001/2024	2024-04-17
A/cat/New Mexico/24-012046-003/2024	2024-04-17
A/cat/South Dakota/24-012039-001/2024	2024-04-19
A/goat/Minnesota/24-007234-009/2024	2024-03-08
A/goat/Minnesota/24-007234-006/2024	2024-03-08
A/goat/Minnesota/24-007234-003/2024	2024-03-08
A/skunk/New Mexico/24-006483-001/2024	2024-02-23
A/striped skunk/Kansas/W23-094/2023	2023-01-27
A/California/150/2024	2024-10-09
A/California/153/2024	2024-10-09
A/California/148/2024	2024-10-08
A/California/147/2024	2024-10-07
A/turkey vulture/California/23-021850-001/2023	2023-07-14
A/red tailed hawk/California/23-004363-001/2023	2023-01-25
A/raven/California/23-003756-001/2023	2023-01-29
A/raven/Colorado/23-003562-001/2023	2023-01-27
A/raven/Colorado/23-003563-001/2023	2023-01-25
A/raven/Montana/23-003666-002/2023	2023-01-30
A/raven/Montana/23-003666-004/2023	2023-01-30
A/red shouldered hawk/Kentucky/23-006092-002/2023	2023-12-22
A/red necked phalarope/Oregon/23-000773-001/2023	2023-01-04
A/chicken/California/24-000134-001-original/2023	2023-12-29
A/chicken/California/24-000127-001-original/2023	2023-12-25
A/pheasant/South Dakota/23-041194-002-original/2023	2023-12-29
A/guinea fowl/Texas/23-041128-001-original/2023	2023-12-08
A/guinea fowl/North Dakota/23-041125-002-original/2023	2023-12-27
A/chicken/Missouri/23-041003-001-original/2023	2023-12-22
A/chicken/California/23-040997-002-original/2023	2023-12-22
A/green-winged teal/South Carolina/23-037736-010-original/2023	2023-11-25
A/pintail/Wisconsin/23-037645-019-original/2023	2023-11-18
A/black vulture/South Carolina/23-036529-004-original/2023	2023-11-13
A/black vulture/South Carolina/23-036529-002-original/2023	2023-11-13
A/black vulture/South Carolina/23-036529-001-original/2023	2023-11-13
A/American wigeon/Oregon/23-035569-015-original/2023	2023-11-04
A/mallard/Oregon/23-035569-010-original/2023	2023-11-04
A/American wigeon/Oregon/23-035568-002-original/2023	2023-11-05
A/Canada goose/Michigan/23-035045-002-original/2023	2023-11-08
A/green-winged teal/Ohio/23-033311-005-original2/2023	2023-10-21
A/pintail/Montana/23-030714-012-original/2023	2023-09-30
A/green-winged teal/Colorado/23-029854-009-original/2023	2023-09-30
A/chicken/California/23-039772-003-original/2023	2023-12-14
A/chicken/Idaho/23-039649-002-original/2023	2023-12-13
A/chicken/Minnesota/23-039634-001-original/2023	2023-12-13
A/chicken/Arkansas/23-039417-007-original/2023	2023-12-12
A/chicken/Oregon/23-039384-001-original/2023	2023-12-12
A/mallard/North Dakota/23-034422-010-original/2023	2023-11-02
A/mallard/North Dakota/23-034422-007-original/2023	2023-11-02
A/mallard/North Dakota/23-034422-006-original/2023	2023-11-02
A/mallard/North Dakota/23-034422-001-original/2023	2023-11-02
A/mallard/North Dakota/23-034421-008-original/2023	2023-11-02
A/mallard/North Dakota/23-034416-008-original/2023	2023-11-02
A/mallard/North Dakota/23-034416-003-original/2023	2023-11-02
A/mallard/North Dakota/23-034416-001-original/2023	2023-11-02
A/mallard/Michigan/23-034361-015-original/2023	2023-10-31
A/mallard/Michigan/23-034361-012-original/2023	2023-10-31
A/mallard/New Hampshire/23-028617-021-original/2023	2023-09-14
A/mallard/Colorado/23-028217-001-original/2023	2023-09-14
A/mallard/Pennsylvania/23-028157-017-original/2023	2023-09-12
A/Herring_Gull/NL/FAV-0375-3/2023	2023-06-29
A/Ring-billed_Gull/NL/FAV-0430-9/2023	2023-10-23
A/Great_Black-Backed_Gull/NL/FAV-0430-7/2023	2023-09-28
A/Herring_Gull/NL/FAV-0430-14/2023	2023-11-02
A/Herring_Gull/NL/FAV-0430-13/2023	2023-11-06
A/Herring_Gull/NL/FAV-0430-12/2023	2023-11-02
A/Great_Black-Backed_Gull/NL/FAV-0430-10/2023	2023-10-30
A/domestic goose/Missouri/23-039017-001-original/2023	2023-12-07
A/turkey/South Dakota/23-038978-001-original/2023	2023-12-08
A/turkey/Wisconsin/23-038683-002-original/2023	2023-12-06
A/turkey/South Dakota/23-038677-002-original/2023	2023-12-06
A/chicken/Iowa/23-038644-002-original/2023	2023-12-05
A/chicken/Ohio/23-038542-001-original/2023	2023-12-05
A/green-winged teal/Iowa/23-034037-001-original/2023	2023-10-27
A/northern shoveler/Illinois/23-033983-049-original/2023	2023-10-28
A/wood duck/Illinois/23-033983-015-original/2023	2023-10-28
A/gadwall/Illinois/23-033982-069-original/2023	2023-10-29
A/gadwall/Illinois/23-033982-067-original/2023	2023-10-29
A/mallard/Illinois/23-033982-047-original/2023	2023-10-29
A/green-winged teal/Illinois/23-033982-037-original/2023	2023-10-29
A/mallard/Indiana/23-033977-003-original/2023	2023-10-28
A/American wigeon/South Dakota/23-033792-006-original/2023	2023-10-28
A/blue-winged teal/Mississippi/23-028542-002-original/2023	2023-09-19
A/turkey/Ohio/23-038540-002/2023	2023-12-05
A/turkey/Ohio/23-038540-001/2023	2023-12-05
A/chicken/Vermont/23-038532-002/2023	2023-12-05
A/chicken/Vermont/23-038532-001/2023	2023-12-05
A/chicken/Michigan/23-038496-001/2023	2023-12-05
A/turkey/Arkansas/23-038491-003/2023	2023-12-05
A/turkey/Minnesota/23-038363-001/2023	2023-12-02
A/turkey/Minnesota/23-038354-002/2023	2023-12-04
A/pintail/Illinois/23-033982-003/2023	2023-10-24
A/green-winged teal/North Dakota/23-033788-007/2023	2023-10-29
A/American wigeon/Wyoming/23-033721-004/2023	2023-10-30
A/mallard/Washington/23-033638-015/2023	2023-10-25
A/mallard/Washington/23-033638-013/2023	2023-10-25
A/mallard/Idaho/23-028152-014/2023	2023-09-13
A/turkey/South Dakota/23-038305-002/2023	2023-12-04
A/turkey/South Dakota/23-038249-002/2023	2023-12-02
A/turkey/South Dakota/23-038246-002/2023	2023-12-03
A/chicken/South Dakota/23-038240-001/2023	2023-12-01
A/chicken/California/23-038158-005/2023	2023-12-01
A/chicken/Arkansas/23-037987-002/2023	2023-11-29
A/green-winged teal/California/23-032991-030/2023	2023-10-22
A/cinnamon teal/California/23-032991-011/2023	2023-10-22
A/mallard/Colorado/23-030893-0012/2023	2023-10-07
A/mallard/Montana/23-030714-0012/2023	2023-09-30
A/ring-necked duck/Idaho/23-028146-027/2023	2023-09-08
A/American crow/Virginia/W24-190R/2024	2024-03-14
A/sanderling/Virginia/W24-190A/2024	2024-03-10
A/chicken/Texas/24-007264-003/2024	2024-03-07
A/peregrine falcon/California/24-005915-001/2024	2024-02-14
A/Wild-Bird/Wyoming/24-003692-001/2024	2024-01-25
A/Herring_Gull/NS/FAV-0406-4/2023	2023-05-16
A/Northern_Fulmar/NS/FAV-0406-3/2023	2023-05-15
A/Northern_Fulmar/NS/FAV-0406-2/2023	2023-05-15
A/Northern_Fulmar/NS/FAV-0264-9/2023	2023-03-21
A/Northern_Fulmar/NS/FAV-0264-8/2023	2023-03-21
A/Northern_Fulmar/NS/FAV-0264-7/2023	2023-03-02
A/Northern_Fulmar/NS/FAV-0264-6/2023	2023-03-02
A/Northern_Fulmar/NS/FAV-0264-5/2023	2023-02-16
A/Northern_Fulmar/NS/FAV-0264-4/2023	2023-02-16
A/Northern_Fulmar/NS/FAV-0264-3/2023	2023-02-16
A/Great_Black-Backed_Gull/NS/FAV-0264-15/2023	2023-04-30
A/Herring_Gull/NS/FAV-0264-14/2023	2023-04-30
A/Northern_Fulmar/NS/FAV-0264-13/2023	2023-04-29
A/Black-Legged_Kittiwake/NS/FAV-0264-11/2023	2023-03-21
A/Northern_Fulmar/NS/FAV-0264-10/2023	2023-03-28
A/Northern_Fulmar/NS/FAV-0264-1/2023	2023-02-16
A/Great_Black-Backed_Gull/NS/FAV-0263-9/2023	2023-04-19
A/Great_Black-Backed_Gull/NS/FAV-0263-8/2023	2023-04-17
A/Great_Black-Backed_Gull/NS/FAV-0263-7/2023	2023-04-17
A/Herring_Gull/NS/FAV-0263-6/2023	2023-04-13
A/Great_Black-Backed_Gull/NS/FAV-0263-5/2023	2023-04-14
A/Great_Black-Backed_Gull/NS/FAV-0263-4/2023	2023-04-14
A/Herring_Gull/NS/FAV-0263-2/2023	2023-04-14
A/Common_Tern/NS/FAV-0234-1/2023	2023-06-09
A/Herring_Gull/NS/FAV-0231-1/2023	2023-06-02
A/Red-Tailed_Hawk/PEI/FAV-0165-1/2023	2023-04-15
A/American_Crow/PEI/FAV-0144-1/2023	2023-03-03
A/American_Crow/PEI/FAV-0068-9/2023	2023-01-31
A/American_Crow/PEI/FAV-0035-6/2023	2023-01-09
A/turkey/Minnesota/23-031477-002/2023	2023-10-16
A/turkey/Minnesota/23-031477-001/2023	2023-10-16
A/Muscovy duck/Washington/23-031346-002/2023	2023-10-16
A/turkey/Minnesota/23-031337-003/2023	2023-10-15
A/peregrine falcon/Minnesota/23-031335-001/2023	2023-10-12
A/turkey/South Dakota/23-031331-001/2023	2023-10-13
A/turkey/South Dakota/23-031328-002/2023	2023-10-14
A/turkey/Minnesota/23-031338-001/2023	2023-10-11
A/Chicken/BC/FAV-0284-1/2024	2024-11-01
A/chicken/Colorado/24-020796-001/2024	2024-07-13
A/chicken/Colorado/24-020796-010/2024	2024-07-15
A/chicken/Colorado/24-018507-002/2024	2024-06-21
A/chicken/Minnesota/24-018153-002/2024	2024-06-20
A/chicken/New Mexico/24-010947-003/2024	2024-04-12
A/chicken/Iowa/24-015328-001/2024	2024-05-27
A/chicken/Minnesota/24-014972-003/2024	2024-05-19
A/northern shoveler/Arkansas/23-002690-001/2023	2023-01-14
A/northern shoveler/Texas/23-007477-003/2023	2023-01-19
A/muscovy duck/South Carolina/23-005535-003/2023	2023-02-07
A/muscovy duck/South Carolina/23-005535-001/2023	2023-02-07
A/mallard/Idaho/23-028151-005/2023	2023-09-11
A/mallard/Idaho/23-029400-018-R/2023	2023-09-23
A/mallard/Idaho/23-029400-017/2023	2023-09-23
A/mallard/Idaho/23-029400-016/2023	2023-09-23
A/mallard/Idaho/23-029400-012-R/2023	2023-09-23
A/mallard/Idaho/23-029400-008/2023	2023-09-23
A/mallard/New York/23-004808-016/2023	2023-02-02
A/mallard/New York/23-004808-007/2023	2023-02-02
A/mallard/New York/23-004808-004/2023	2023-02-02
A/mallard/New York/23-004807-074/2023	2023-02-01
A/mallard/New York/23-004807-015/2023	2023-02-01
A/mallard/New York/23-004807-013/2023	2023-02-01
A/mallard/Minnesota/23-008404-022/2023	2023-03-07
A/mallard/Montana/23-030444-002/2023	2023-09-30
A/mallard/Montana/23-030445-015/2023	2023-09-30
A/mallard/New Hampshire/23-008141-001/2023	2023-02-27
A/mallard/New Hampshire/23-008139-001/2023	2023-03-02
A/mallard/Montana/23-030714-044/2023	2023-09-30
A/eagle/Virginia/W22-101/2023	2023-01-03
A/eagle/South Carolina/W23-142A/2023	2023-02-19
A/eagle/North Carolina/W23-142A/2023	2023-02-16
A/dairy cow/USA/24_029379-002/2024	2024-10-03
A/dairy cow/USA/24_027662-001/2024	2024-09-18
A/dairy cow/Michigan/24_014001-004/2024	2024-05-08
A/dairy cow/Michigan/24_014001-002/2024	2024-05-08
A/dairy cow/Texas/6855-8/2024	2024-04-01
A/dairy cow/Texas/062424-12/2024	2024-06-24
A/dairy cow/South Dakota/062424-20/2024	2024-06-24
A/dairy cow/Kansas/0528-12/2024	2024-04-01
A/dairy cow/Idaho/072424-2/2024	2024-07-24
A/dairy cow/Idaho/070924-2/2024	2024-07-09
A/dairy cow/Idaho/070924-6/2024	2024-07-09
A/dairy cow/Idaho/072424-1/2024	2024-07-24
A/dairy cow/Idaho/072424-5/2024	2024-07-24
A/dairy cow/Colorado/24_021340-001/2024	2024-07-17
A/dairy cow/Colorado/24_020795-001/2024	2024-07-17
A/dairy cow/Colorado/24_020797-013/2024	2024-07-17
A/dairy cow/Iowa/24_018154-001/2024	2024-06-19
A/dairy cow/Iowa/24_018873-002/2024	2024-06-25
A/dairy cow/Colorado/24_018336-001/2024	2024-06-19
A/dairy cow/Iowa/24_018719-001/2024	2024-06-25
A/dairy cow/Colorado/24_018028-007/2024	2024-06-18
A/dairy cow/Colorado/24_018029-005/2024	2024-06-17
A/dairy cow/Colorado/24_018030-004/2024	2024-06-17
A/dairy cow/Colorado/24_018028-008/2024	2024-06-18
A/dairy cow/Iowa/24_018276-001/2024	2024-06-19
A/dairy cow/Colorado/24_018334-004/2024	2024-06-20
A/dairy cow/Colorado/24_018334-008/2024	2024-06-20
A/dairy cow/Colorado/24_018872-001/2024	2024-06-25
A/dairy cow/Colorado/24_018872-002/2024	2024-06-25
A/dairy cow/Colorado/24_018028-015/2024	2024-06-18
A/dairy cow/Colorado/24_018336-008/2024	2024-06-19
A/dairy cow/Colorado/24_018336-009/2024	2024-06-19
A/dairy cow/Colorado/24_018637-001/2024	2024-06-24
A/dairy cow/Colorado/24_018028-013/2024	2024-06-18
A/dairy cow/Colorado/24_012225-029/2024	2024-04-10
A/dairy cow/USA/24_010930-002/2024	2024-04-10
A/dairy cow/Michigan/24_011231-001/2024	2024-04-12
A/dairy cow/Michigan/24_011231-006/2024	2024-04-12
A/dairy cow/South Dakota/24_011802-001/2024	2024-04-10
A/dairy cow/Michigan/24_012314-001/2024	2024-04-24
A/dairy cow/Colorado/24_012346-001/2024	2024-04-24
A/dairy cow/Colorado/24_012346-013/2024	2024-04-24
A/dairy cow/Colorado/24_012346-021/2024	2024-04-24
A/dairy cow/USA/24_012377-001/2024	2024-04-23
A/dairy cow/USA/24_012377-004/2024	2024-04-23
A/dairy cow/USA/24_012377-010/2024	2024-04-23
A/dairy cow/Idaho/24_011573-015/2024	2024-04-15
A/dairy cow/USA/24_013021-009/2024	2024-04-29
A/dairy cow/Idaho/24_013170-006/2024	2024-05-01
A/dairy cow/USA/24_013021-001/2024	2024-04-29
A/dairy cow/USA/24_013021-003/2024	2024-04-29
A/dairy cow/Michigan/24_014883-002/2024	2024-05-15
A/dairy cow/Michigan/24_014883-005/2024	2024-05-15
A/dairy cow/South Dakota/24_015059-001/2024	2024-05-21
A/dairy cow/South Dakota/24_015059-002/2024	2024-05-21
A/dairy cow/Idaho/24_014338-006/2024	2024-05-12
A/dairy cow/Idaho/24_015196-006/2024	2024-05-20
A/dairy cow/Idaho/24_015196-009/2024	2024-05-20
A/dairy cow/Idaho/24_015196-010/2024	2024-05-20
A/dairy cow/Idaho/24_015196-012/2024	2024-05-20
A/dairy cow/USA/24_015306-001/2024	2024-05-21
A/dairy cow/Michigan/24_015307-004/2024	2024-05-22
A/dairy cow/Michigan/24_015457-001/2024	2024-05-21
A/dairy cow/Michigan/24_015457-002/2024	2024-05-21
A/dairy cow/Michigan/24_015457-007/2024	2024-05-21
A/dairy cow/South Dakota/24_015643-004/2024	2024-05-22
A/dairy cow/South Dakota/24_015643-007/2024	2024-05-22
A/dairy cow/Idaho/24_015675-001/2024	2024-05-24
A/dairy cow/Wyoming/24_016134-223/2024	2024-04-29
A/dairy cow/Wyoming/24_016134-226/2024	2024-04-29
A/dairy cow/Wyoming/24_016134-253/2024	2024-04-29
A/dairy cow/Iowa/24_016252-001/2024	2024-06-03
A/dairy cow/Iowa/24_016252-003/2024	2024-06-03
A/dairy cow/Iowa/24_016252-005/2024	2024-06-03
A/dairy cow/Minnesota/24_016288-011/2024	2024-06-03
A/dairy cow/Ohio/B24OSU-494/2024	2024-04-05
A/dairy cow/Ohio/B24OSU-486/2024	2024-04-05
A/dairy cow/Ohio/B24OSU-472/2024	2024-04-05
A/dairy cow/Ohio/B24OSU-446/2024	2024-04-05
A/dairy cow/Texas/24-008749-007/2024	2024-03-20
A/dairy cow/Texas/24-008749-006/2024	2024-03-20
A/common murre/Alaska/23-027066-013/2023	2023-08-01
A/common murre/Alaska/23-027066-011/2023	2023-08-01
A/common murre/Alaska/23-027066-010/2023	2023-08-01
A/common murre/Alaska/23-027066-002/2023	2023-08-01
A/common murre/Alaska/23-027066-004/2023	2023-08-01
A/short-tailed shearwaters/Minnesota/23-025002-003/2023	2023-07-19
A/snow goose/Arkansas/23-001516-001/2023	2023-01-06
A/snow goose/Arkansas/23-001514-001/2023	2023-01-06
A/snow goose/Arkansas/23-001513-001/2023	2023-01-06
A/snow goose/California/23-002594-003/2023	2023-01-10
A/snow goose/California/23-004358-002/2023	2023-01-25
A/goose/Missouri/23-001521-001/2023	2023-01-10
A/goose/Utah/23-001041-007/2023	2023-01-06
A/goose/Utah/23-001041-009/2023	2023-01-06
A/goose/Utah/23-001041-008/2023	2023-01-06
A/goose/Utah/23-001041-002/2023	2023-01-06
A/goose/Utah/23-001041-001/2023	2023-01-06
A/goose/Utah/23-001040-001/2023	2023-01-04
A/snow goose/North Dakota/23-012938-001/2023	2023-04-19
A/snow goose/New York/23-000618-001/2023	2023-01-04
A/snow goose/New York/23-003716-001/2023	2023-01-31
A/goose/Oregon/24-031478-002/2024	2024-10-22
A/goose/Colorado/23-038138-001/2023	2023-11-26
A/greater white-fronted goose/Louisiana/W23-857A/2023	2023-10-27
A/greater white-fronted goose/Louisiana/W23-857B/2023	2023-10-27
A/snow goose/Kansas/W23-930A/2023	2023-12-04
A/snow goose/Kansas/W23-930C/2023	2023-12-04
A/snow goose/Kansas/W23-930E/2023	2023-12-04
A/snow goose/Kansas/W23-949C/2023	2023-12-20
A/snow goose/Tennessee/W23-940/2023	2023-11-27
A/Ross's goose/Kansas/W23-930F/2023	2023-12-04
A/Ross's goose/Kansas/W23-930G/2023	2023-12-04
A/Ross's goose/Kansas/W23-949A/2023	2023-12-20
A/Canada goose/Oregon/23-031491-001/2023	2023-10-11
A/western gull/Nevada/23-002599-002/2023	2023-01-10
A/western gull/Nevada/23-002599-003/2023	2023-01-10
A/glaucous gull/Washington/23-025001-003/2023	2023-08-11
A/glaucous gull/Washington/23-025001-002/2023	2023-08-11
A/trumpeter swan/Iowa/23-002662-002/2023	2023-01-21
A/trumpeter swan/Iowa/23-002039-002/2023	2023-01-12
A/Feral_cat/ON/FAV-0159-1/2023	2023-04-06
A/Striped_Skunk/PE/FAV-0145-1/2023	2023-04-04
A/Dog/ON/FAV-0119-2/2023	2023-03-28
A/Red_Fox/ON/FAV-0142-1/2023	2023-03-27
A/Striped_Skunk/ON/FAV-0126-1/2023	2023-03-24
A/Striped_Skunk/PE/FAV-0123-1/2023	2023-03-21
A/cat/USA/24-011659-003/2024	2024-04-18
A/feline/Texas/24-029329-02/2024	2024-03-20
A/alpaca/Idaho/24-014328-008/2024	2024-05-15
A/raccoon/Colorado/24-014781-001/2024	2024-05-11
A/house mouse/New Mexico/24-014782-003/2024	2024-05-09
A/harbor seal/Washington/23-025744-002/2023	2023-08-19
A/harbor seal/Washington/23-026504-001/2023	2023-08-29
A/California/192/2024	2024-11-12
A/Washington/254/2024	2024-10-23
A/Washington/253/2024	2024-10-24
A/Washington/251/2024	2024-10-24
A/Washington/240/2024	2024-10-18
A/California/174/2024	2024-10-30
A/California/173/2024	2024-10-24
A/California/172/2024	2024-10-24
A/California/151/2024	2024-10-09
A/California/146/2024	2024-10-02
A/Michigan/90/2024	2024-05-14
A/red tailed hawk/Minnesota/23-000394-001/2023	2023-01-01
A/red tailed hawk/New Mexico/23-001492-001/2023	2023-01-10
A/red tailed hawk/New York/23-001007-001/2023	2023-01-10
A/red tailed hawk/Mississippi/23-002625-001/2023	2023-01-11
A/red tailed hawk/Montana/23-002509-001/2023	2023-01-18
A/red tailed hawk/Colorado/23-001574-001/2023	2023-01-10
A/red tailed hawk/Colorado/23-001573-001/2023	2023-01-11
A/red tailed hawk/Colorado/23-001466-002/2023	2023-01-05
A/red tailed hawk/Colorado/23-001466-001/2023	2023-01-05
A/red tailed hawk/Colorado/23-000498-001/2023	2023-01-04
A/red tailed hawk/Colorado/23-000494-001/2023	2023-01-04
A/red tailed hawk/Colorado/23-000403-001/2023	2023-01-01
A/red tailed hawk/Wyoming/23-000757-001/2023	2023-01-05
A/red tailed hawk/California/23-004366-002/2023	2023-01-26
A/Willet/California/23-004364-001/2023	2023-01-25
A/Wild bird/Mississippi/23-002624-001/2023	2023-01-19
A/turkey vulture/California/23-004365-001/2023	2023-01-25
A/turkey vulture/California/23-004361-001/2023	2023-01-25
A/turkey vulture/California/23-002601-001/2023	2023-01-11
A/swainsons hawk/Colorado/23-004704-001/2023	2023-01-30
A/turkey vulture/California/23-004366-001/2023	2023-01-26
A/turkey vulture/California/23-004367-001/2023	2023-01-25
A/turkey vulture/California/23-004368-001/2023	2023-01-31
A/turkey vulture/California/23-004370-001/2023	2023-01-31
A/Chicken/BC/FAV-0285-1/2024	2024-11-01
A/Chicken/BC/FAV-0268-1/2024	2024-10-23
A/emu/USA/24-031663-001/2024	2024-10-23
A/chicken/New York/23-009044-004-original/2023	2023-03-16
A/chicken/Texas/23-009041-002-original/2023	2023-03-17
A/pheasant/New York/23-009034-003-original/2023	2023-03-20
A/guinea fowl/New Jersey/23-027703-012-original/2023	2023-09-13
A/chicken/New Jersey/23-027703-008-original/2023	2023-09-13
A/chicken/New Jersey/23-027703-007-original/2023	2023-09-13
A/chicken/Oregon/23-009029-001-original/2023	2023-03-15
A/pheasant/South Dakota/23-009025-003-original/2023	2023-03-20
A/pheasant/South Dakota/23-009025-002-original/2023	2023-03-20
A/chicken/New Jersey/23-027703-002-original/2023	2023-09-13
A/pheasant/South Dakota/23-009025-001-original/2023	2023-03-20
A/chicken/Florida/23-008891-003-original/2023	2023-03-15
A/Muscovy duck/New York/23-023002-005-original/2023	2023-07-31
A/chicken/Florida/23-008891-001-original/2023	2023-03-15
A/guinea fowl/New York/23-008875-006-original/2023	2023-03-20
A/chicken/New York/23-008875-001-original/2023	2023-03-20
A/bar-headed goose/New York/23-008587-001-original/2023	2023-03-15
A/Muscovy duck/Pennsylvania/23-008369-003-original/2023	2023-03-14
A/domestic goose/New York/23-022512-007-original/2023	2023-07-24
A/Muscovy duck/New York/23-022512-006-original/2023	2023-07-24
A/Muscovy duck/Pennsylvania/23-008369-001-original/2023	2023-03-14
A/Muscovy duck/New York/23-022512-005-original/2023	2023-07-24
A/chicken/Mississippi/23-008358-002-original/2023	2023-03-15
A/chicken/New York/23-022512-003-original/2023	2023-07-24
A/chicken/Missouri/23-008296-003-original/2023	2023-03-14
A/chicken/New York/23-022051-010-original/n/a	2023-07-17
A/Muscovy duck/New York/23-022051-008-original/n/a	2023-07-17
A/guinea fowl/Pennsylvania/23-008247-003-original/2023	2023-03-14
A/Muscovy duck/New York/23-022051-007-original/n/a	2023-07-17
A/guinea fowl/New York/23-022051-003-original/n/a	2023-07-17
A/turkey/Pennsylvania/23-008238-002-original/2023	2023-03-13
A/turkey vulture/New Jersey/23-015846-003-original/2023	2023-05-12
A/turkey/Pennsylvania/23-008238-001-original/2023	2023-03-13
A/domestic duck/Iowa/23-008211-002-original/2023	2023-03-13
A/ferruginous hawk/Colorado/23-015630-001-original/2023	2023-05-12
A/chicken/Michigan/23-008143-002-original/2023	2023-03-10
A/chicken/Missouri/23-015567-002-original/2023	2023-05-16
A/turkey/North Carolina/23-015563-001-original/2023	2023-05-16
A/domestic goose/Minnesota/23-014706-004-original/2023	2023-05-09
A/Muscovy duck/Pennsylvania/23-007957-004-original/2023	2023-03-09
A/guinea fowl/Virginia/23-007337-003-original/2023	2023-03-06
A/mallard/Connecticut/23-004773-001-original2/2023	2023-02-06
A/chicken/New Hampshire/23-002392-001-original2/2023	2023-01-19
A/mallard/New Hampshire/24-002162-001-original/2024	2024-01-17
A/gadwall/Oklahoma/23-038107-003-original/2023	2023-11-17
A/American black duck/Ohio/23-036193-035-original/2023	2023-11-04
A/mallard/Michigan/23-035042-007-original/2023	2023-11-01
A/mallard/North Dakota/23-034424-002-original/2023	2023-11-03
A/green-winged teal/Idaho/23-033317-016-original/2023	2023-10-19
A/green-winged teal/New York/23-033302-033-original/2023	2023-10-21
A/pintail/Oregon/23-032793-020-original/2023	2023-10-22
A/American wigeon/Oregon/23-032793-005-original/2023	2023-10-22
A/American wigeon/Oregon/23-032793-004-original/2023	2023-10-22
A/green-winged teal/Ohio/23-032269-046-original/2023	2023-10-14
A/mallard/Ohio/23-032269-033-original/2023	2023-10-14
A/gadwall/Ohio/23-032269-030-original/2023	2023-10-14
A/pintail/Ohio/23-032269-017-original/2023	2023-10-14
A/mallard/Washington/23-031856-003-original/2023	2023-10-12
A/mallard/Washington/23-031856-001-original/2023	2023-10-12
A/American wigeon/Montana/23-030445-008-original/2023	2023-09-30
A/gadwall/Montana/23-030444-001-original/2023	2023-09-30
A/Turkey/QC/FAV-0168-4/2023	2023-04-21
A/Duck/QC/FAV-0167-3/2023	2023-04-17
A/Duck/QC/FAV-0167-1/2023	2023-04-17
A/Turkey_Vulture/ON/FAV-0170-1/2023	2023-04-13
A/Canada_Goose/ON/FAV-0163-1/2023	2023-04-13
A/Red-Tailed_Hawk/ON/FAV-0163-2/2023	2023-04-12
A/Red-Tailed_Hawk/ON/FAV-0160-2/2023	2023-04-12
A/Chicken/QC/FAV-0146-4/2023	2023-04-11
A/American_Crow/ON/FAV-0158-2/2023	2023-04-11
A/Turkey_Vulture/ON/FAV-0158-1/2023	2023-04-09
A/American_Crow/ON/FAV-0160-1/2023	2023-04-08
A/Turkey/ON/FAV-0133-2/2023	2023-04-05
A/American_Crow/ON/FAV-0143-6/2023	2023-04-04
A/Turkey_Vulture/ON/FAV-0143-3/2023	2023-03-30
A/American_Crow/ON/FAV-0137-3/2023	2023-03-30
A/Tundra_Swan/ON/FAV-0125-3/2023	2023-03-29
A/Red-Tailed_Hawk/NS/FAV-0135-9/2023	2023-03-27
A/American_Crow/ON/FAV-0134-3/2023	2023-03-27
A/American_Crow/ON/FAV-0149-2/2023	2023-03-24
A/Canada_Goose/NS/FAV-0122-4/2023	2023-03-22
A/Canada_Goose/ON/FAV-0120-3/2023	2023-03-21
A/Canada_Goose/ON/FAV-0118-6/2023	2023-03-21
A/American_Crow/NS/FAV-0122-1/2023	2023-03-21
A/Canada_Goose/NS/FAV-0135-2/2023	2023-03-20
A/Hooded_Merganser/ON/FAV-0118-2/2023	2023-03-18
A/Canada_Goose/ON/FAV-0137-6/2023	2023-03-18
A/Turkey/ON/FAV-0098-2/2023	2023-03-13
A/Turkey/ON/FAV-0098-1/2023	2023-03-13
A/Bald_Eagle/NS/FAV-0135-3/2023	2023-03-12
A/Chicken/ON/FAV-0101-4/2023	2023-03-09
A/Chicken/ON/FAV-0101-3/2023	2023-03-09
A/Canada_Goose/ON/FAV-0104-4/2023	2023-03-08
A/Canada_Goose/ON/FAV-0104-3/2023	2023-03-08
A/crow/Kansas/W23-968A/2023	2023-12-12
A/black vulture/Tennessee/W23-890A/2023	2023-10-30
A/black vulture/Tennessee/W23-890B/2023	2023-10-30
A/black vulture/Tennessee/W23-939A/2023	2023-11-25
A/black vulture/Tennessee/W23-939B/2023	2023-11-25
A/domestic duck/Oregon/23-037049-001/2023	2023-11-20
A/turkey/Minnesota/23-037134-002/2023	2023-11-23
A/turkey/Minnesota/23-037134-001/2023	2023-11-23
A/pheasant/Colorado/23-037672-002/2023	2023-11-28
A/chicken/California/23-037680-002/2023	2023-11-28
A/chicken/California/23-037680-001/2023	2023-11-28
A/domestic goose/California/23-037681-002/2023	2023-11-28
A/chicken/Michigan/23-037817-001/2023	2023-11-29
A/chicken/Idaho/23-037837-001/2023	2023-11-29
A/caspian tern/Washington/23-024996-001/2023	2023-08-07
A/caspian tern/Washington/23-025001-004/2023	2023-08-11
A/caspian tern/Washington/23-025001-001/2023	2023-08-11
A/turkey/South Dakota/23-031731-002/2023	2023-10-15
A/sharp-shinned hawk/Iowa/23-031647-001/2023	2023-10-12
A/turkey/Minnesota/23-031508-003/2023	2023-10-16
A/Caspian tern/Washington/23-023703-002/2023	2023-07-31
A/Caspian tern/Washington/23-023703-001/2023	2023-07-31
A/Caspian tern/Oregon/23-018836-003/2023	2023-06-15
A/Caspian tern/Oregon/23-018836-002/2023	2023-06-15
A/Caspian tern/Oregon/23-018836-001/2023	2023-06-15
A/chicken/USA/24-031666-001/2024	2024-10-25
A/chicken/USA/24-031862-001/2024	2024-10-27
A/chicken/USA/24-031166-001/2024	2024-10-17
A/chicken/Michigan/24-010651-001/2024	2024-04-09
A/black scoter/Florida/23-002762-026/2023	2023-01-10
A/common goldeneye/Wyoming/23-000753-001/2023	2023-01-03
A/greater scaup/Montana/23-001334-001/2023	2023-01-06
A/black scoter/Florida/23-002762-025/2023	2023-01-10
A/duck/Oregon/24-031478-003/2024	2024-10-22
A/wood duck/North Carolina/W24-026/2024	2024-01-04
A/hooded merganser/South Carolina/W24-028/2024	2024-01-10
A/dairy cow/Oklahoma/3261-8/2024	2024-04-01
A/dairy cow/Texas/24_015837-002-R2/2024	2024-04-08
A/dairy cow/South Dakota/24_014510-003/2024	2024-05-14
A/dairy cow/Wyoming/24_016134-062/2024	2024-04-29
A/dairy cow/Wyoming/24_016134-063/2024	2024-04-29
A/dairy cow/Texas/24_015975-002/2024	2024-04-30
A/dairy cow/Texas/24_015975-007/2024	2024-04-30
A/dairy cow/USA/24_015975-015/2024	2024-04-30
A/dairy cow/Texas/24_015975-019/2024	2024-04-30
A/dairy cow/Texas/24_015973-026/2024	2024-05-24
A/dairy cow/Texas/24_015973-027/2024	2024-05-24
A/dairy cow/Texas/24_015973-009/2024	2024-05-24
A/dairy cow/Texas/24_015973-012/2024	2024-05-24
A/dairy cow/Texas/24_015973-014/2024	2024-05-24
A/dairy cow/Idaho/24_015978-003/2024	2024-05-28
A/dairy cow/Idaho/24_015978-004/2024	2024-05-28
A/dairy cow/Texas/24_016191-001/2024	2024-05-28
A/dairy cow/Minnesota/24_016370-019/2024	2024-06-04
A/dairy cow/Colorado/24_017154-006/2024	2024-06-10
A/dairy cow/Minnesota/24_016370-004/2024	2024-06-04
A/dairy cow/Minnesota/24_016370-008/2024	2024-06-04
A/dairy cow/Idaho/24_016437-003/2024	2024-05-30
A/dairy cow/Colorado/24_017148-001/2024	2024-06-11
A/dairy cow/Idaho/24_016437-009/2024	2024-05-30
A/dairy cow/Idaho/24_016437-020/2024	2024-05-30
A/dairy cow/Idaho/24_016437-032/2024	2024-05-30
A/dairy cow/Minnesota/24_016523-005/2024	2024-06-04
A/dairy cow/Minnesota/24_016523-013/2024	2024-06-04
A/dairy cow/Minnesota/24_016523-020/2024	2024-06-04
A/dairy cow/Idaho/24_016688-001/2024	2024-06-06
A/dairy cow/Colorado/24_017048-001/2024	2024-06-10
A/dairy cow/Colorado/24_017048-005/2024	2024-06-10
A/dairy cow/New Mexico/24_010195-001/2024	2024-03-15
A/dairy cow/Texas/24_009110-009/2024	2024-03-14
A/dairy cow/New Mexico/24_010195-004/2024	2024-03-15
A/dairy cow/Ohio/24_010202-002/2024	2024-03-15
A/dairy cow/Ohio/24_010202-004/2024	2024-03-15
A/dairy cow/Ohio/24_010202-014/2024	2024-04-03
A/dairy cow/Michigan/24_010231-001/2024	2024-04-03
A/dairy cow/South Dakota/24_010354-007/2024	2024-04-05
A/dairy cow/Michigan/24_010661-002/2024	2024-04-08
A/dairy cow/Michigan/24_010071-016/2024	2024-03-21
A/dairy cow/Colorado/24_012225-019/2024	2024-04-10
A/dairy cow/Texas/24-029328-02/2024	2024-03-20
A/dairy cow/Texas/24-029328-01/2024	2024-03-20
A/dairy cow/Texas/24-008749-002-v/2024	2024-03-20
A/Chicken/BC/FAV-0284-001/2024	2024-11-01
A/canada goose/Wyoming/23-002120-001/2023	2023-01-11
A/canada goose/Wyoming/23-002119-001/2023	2023-01-06
A/canada goose/Wyoming/23-001192-001/2023	2023-01-02
A/canada goose/Wyoming/23-000980-001/2023	2023-01-05
A/canada goose/Colorado/23-000496-001/2023	2023-01-04
A/canada goose/Colorado/23-004707-001/2023	2023-01-26
A/canada goose/Colorado/23-004225-001/2023	2023-01-30
A/canada goose/Colorado/23-003284-001/2023	2023-01-20
A/canada goose/Colorado/23-000623-001/2023	2023-01-03
A/canada goose/Colorado/23-000622-001/2023	2023-01-04
A/canada goose/Colorado/23-000621-001/2023	2023-01-04
A/canada goose/Michigan/23-000335-001/2023	2023-01-03
A/canada goose/Arizona/23-005233-001/2023	2023-01-23
A/canada goose/Arizona/23-002260-001/2023	2023-01-09
A/rosss goose/Arkansas/23-001512-001/2023	2023-01-06
A/rosss goose/Arkansas/23-001510-001/2023	2023-01-06
A/rosss goose/Arkansas/23-001508-001/2023	2023-01-06
A/Canada goose/NewYork/NYCVH-23-453/2023	2023-02-01
A/herring gull/Pennsylvania/23-006010-001/2023	2023-01-09
A/gull/New York/23-002695-001/2023	2023-01-23
A/gull/California/23-004370-004/2023	2023-01-31
A/gull/California/23-004370-003/2023	2023-01-31
A/herring gull/Michigan/23-003091-002/2023	2023-01-20
A/herring gull/Massachusetts/23-004612-010/2023	2023-02-03
A/great black backed gull/Massachusetts/23-004612-028/2023	2023-01-30
A/great black backed gull/Massachusetts/23-004612-027/2023	2023-01-26
A/great black backed gull/Massachusetts/23-004612-025/2023	2023-01-14
A/great black backed gull/Massachusetts/23-004612-022/2023	2023-01-12
A/great black backed gull/Massachusetts/23-004612-008/2023	2023-02-03
A/great black backed gull/Massachusetts/23-004612-006/2023	2023-02-03
A/great black backed gull/Massachusetts/23-004612-005/2023	2023-02-03
A/great black backed gull/Massachusetts/23-004612-003/2023	2023-02-03
A/turkey/Minnesota/24-014760-002/2024	2024-05-18
A/Striped_Skunk/PE/FAV-0089-1/2023	2023-02-25
A/Striped_Skunk/PE/FAV-0060-2/2023	2023-01-24
A/red fox/New Mexico/24-014026-001/2024	2024-05-06
A/Mountain Lion/Montana/01/2024	2024-02-26
A/polar bear/Alaska/23-038123/2023	2023-10-01
A/Striped_Skunk/BC/AIVPHL-1083/2023	2023-04-20
A/Striped_Skunk/BC/AIVPHL-1082/2023	2023-04-20
A/Striped_Skunk/BC/AIVPHL-1080/2023	2023-04-20
A/Striped_Skunk/BC/AIVPHL-977/2023	2023-03-09
A/Striped_Skunk/BC/AIVPHL-976/2023	2023-03-09
A/Striped_Skunk/BC/AIVPHL-975/2023	2023-03-06
A/Striped_Skunk/BC/AIVPHL-972/2023	2023-03-06
A/Striped_Skunk/BC/AIVPHL-971/2023	2023-03-06
A/Striped_Skunk/BC/AIVPHL-970/2023	2023-03-06
A/Striped_Skunk/BC/AIVPHL-966/2023	2023-02-28
A/Red Fox/NL/FAV-0075/2023	2023-01-31
A/California/193/2024	2024-11-18
A/California/191/2024	2024-11-13
A/California/190/2024	2024-11-12
A/Oregon/255/2024	2024-11-05
A/California/183/2024	2024-11-07
A/California/182/2024	2024-11-07
A/California/181/2024	2024-11-07
A/California/180/2024	2024-11-07
A/Washington/UW32495/2024	2024-10-18
A/Colorado/139/2024	2024-07-22
A/Colorado/137/2024	2024-07-19
A/Colorado/138/2024	2024-07-19
A/hooded merganser/Washington/23-003784-001/2023	2023-01-18
A/hooded merganser/Maine/23-004172-006/2023	2023-01-31
A/hooded merganser/Maine/23-004172-003/2023	2023-02-02
A/hawk/Indiana/23-003026-001/2023	2023-01-23
A/hawk/South Dakota/23-005469-001/2023	2023-02-09
A/great horned owl/Colorado/23-002760-001/2023	2023-01-16
A/great horned owl/Massachusetts/23-004612-020/2023	2023-01-17
A/great horned owl/Colorado/23-002236-003/2023	2023-01-11
A/great horned owl/Colorado/23-001470-001/2023	2023-01-05
A/great horned owl/Colorado/23-001467-002/2023	2023-01-07
A/great horned owl/Colorado/23-001467-001/2023	2023-01-07
A/great horned owl/Wyoming/23-002116-001/2023	2023-01-09
A/great horned owl/Wyoming/23-001193-001/2023	2023-01-09
A/great horned owl/Wyoming/23-000756-001/2023	2023-01-03
A/great horned owl/South Dakota/23-005467-002/2023	2023-02-06
A/great horned owl/Oregon/23-000776-001/2023	2023-01-04
A/black vulture/Alaska/23-006381-005/2023	2023-01-23
A/black vulture/Alaska/23-006381-002/2023	2023-01-23
A/american crow/Iowa/23-000627-006/2023	2023-01-05
A/american crow/Iowa/23-000627-004/2023	2023-01-05
A/american crow/Iowa/23-000627-002/2023	2023-01-05
A/american crow/Colorado/23-001476-001/2023	2023-01-05
A/american crow/Massachusetts/23-004612-024/2023	2023-01-14
A/american crow/Massachusetts/23-004612-017/2023	2023-01-10
A/black legged kittiwake/Alaska/23-029675-001/2023	2023-09-19
A/black turnstone/California/23-004359-001/2023	2023-01-25
A/california condor/Arizona/23-010558-001/2023	2023-03-30
A/brown pelican/South Carolina/23-000361-002/2023	2023-01-03
A/brown pelican/Florida/23-002762-024/2023	2023-01-04
A/black vulture/Louisiana/23-005532-002/2023	2023-02-08
A/black vulture/Mississippi/23-001343-006/2023	2023-01-09
A/black vulture/Mississippi/23-001343-011/2023	2023-01-09
A/black vulture/Mississippi/23-001343-010/2023	2023-01-09
A/black vulture/Mississippi/23-001343-007/2023	2023-01-09
A/black vulture/Mississippi/23-002620-002/2023	2023-01-12
A/black vulture/Mississippi/23-002620-003/2023	2023-01-12
A/black vulture/Mississippi/23-002620-005/2023	2023-01-12
A/black vulture/Mississippi/23-002620-006/2023	2023-01-12
A/black vulture/Mississippi/23-003620-002/2023	2023-01-26
A/black vulture/Mississippi/23-002623-001/2023	2023-01-17
A/black vulture/Mississippi/23-002621-007/2023	2023-01-17
A/black vulture/Mississippi/23-002620-010/2023	2023-01-12
A/black vulture/Mississippi/23-002620-008/2023	2023-01-12
A/red tailed hawk/Colorado/23-001576-001/2023	2023-01-10
A/red tailed hawk/Colorado/23-002236-001/2023	2023-01-11
A/red tailed hawk/Colorado/23-002918-002/2023	2023-01-21
A/red tailed hawk/Massachusetts/23-004612-021/2023	2023-01-09
A/red tailed hawk/Massachusetts/23-004612-019/2023	2023-01-16
A/red tailed hawk/Massachusetts/23-004612-018/2023	2023-01-16
A/red tailed hawk/Colorado/23-003934-003/2023	2023-01-17
A/red tailed hawk/Colorado/23-004224-001/2023	2023-01-31
A/red tailed hawk/Colorado/23-004223-001/2023	2023-01-31
A/sharp shinned hawk/Oregon/23-000772-001/2023	2023-01-04
A/red tailed hawk/South Dakota/23-002914-001/2023	2023-01-17
A/red tailed hawk/Pennsylvania/23-003061-002/2023	2023-01-24
A/red tailed hawk/Pennsylvania/23-003061-001/2023	2023-01-24
A/red tailed hawk/Oregon/23-003379-001/2023	2023-01-20
A/red tailed hawk/Oregon/23-002977-001/2023	2023-01-10
A/red tailed hawk/Wyoming/23-000979-001/2023	2023-01-03
A/red tailed hawk/Wyoming/23-002225-001/2023	2023-01-13
A/red tailed hawk/Wyoming/23-002118-001/2023	2023-01-11
A/Cackling_Goose/BC/AIVPHL-2541/2024	2024-10-23
A/Cackling_Goose/BC/AIVPHL-2540/2024	2024-10-22
A/Cackling_Goose/BC/AIVPHL-2534/2024	2024-10-14
A/Cackling_Goose/BC/AIVPHL-2533/2024	2024-10-13
A/Snow_Goose/BC/AIVPHL-2538/2024	2024-10-21
A/Cackling_Goose/BC/AIVPHL-2535/2024	2024-10-20
A/Cackling_Goose/BC/AIVPHL-2520/2024	2024-05-18
A/Canada_Goose/BC/AIVPHL-2531/2024	2024-10-14
A/Canada_Goose/BC/AIVPHL-2530/2024	2024-10-14
A/Canada_Goose/BC/AIVPHL-2524/2024	2024-10-08
A/Red_Tailed_Hawk/BC/AIVPHL-2513/2024	2024-10-07
A/American_Crow/BC/AIVPHL-1881/2024	2024-01-19
A/American_Crow/BC/AIVPHL-1880/2024	2024-01-19
A/American_Crow/BC/AIVPHL-1874/2024	2024-01-19
A/Bald_Eagle/BC/AIVPHL-1455/2023	2023-11-04
A/Barred_Owl/BC/AIVPHL-1810/2024	2024-01-12
A/Cooper_s_Hawk/BC/AIVPHL-2119/2024	2024-03-10
A/Bald_Eagle/BC/AIVPHL-2124/2024	2024-03-16
A/Merlin/BC/AIVPHL-2103/2024	2024-03-08
A/Canada_Goose/BC/AIVPHL-2080/2024	2024-03-01
A/Dunlin/BC/AIVPHL-2057/2024	2024-02-26
A/Dunlin/BC/AIVPHL-2056/2024	2024-02-26
A/Dunlin/BC/AIVPHL-2055/2024	2024-02-26
A/Dunlin/BC/AIVPHL-2054/2024	2024-02-26
A/Dunlin/BC/AIVPHL-2053/2024	2024-02-26
A/Dunlin/BC/AIVPHL-2052/2024	2024-02-26
A/Green_Winged_Teal/BC/AIVPHL-2045/2024	2024-02-23
A/Whistling_Swan/BC/AIVPHL-2038/2024	2024-02-16
A/Hooded_Merganser/BC/AIVPHL-2033/2024	2024-02-16
A/Cackling_Goose/BC/AIVPHL-1690/2024	2024-01-05
A/Common_Raven/BC/AIVPHL-1996/2024	2024-02-06
A/Red_Tailed_Hawk/BC/AIVPHL-1990/2024	2024-02-06
A/Red_Tailed_Hawk/BC/AIVPHL-1984/2024	2024-02-06
A/Great_Horned_Owl/BC/AIVPHL-1975/2024	2024-02-06
A/Great_Horned_Owl/BC/AIVPHL-1931/2024	2024-01-25
A/Bald_Eagle/BC/AIVPHL-1911/2024	2024-01-20
A/Canada_Goose/BC/AIVPHL-1568/2023	2023-12-18
A/Peregrine_Falcon/BC/AIVPHL-1550/2023	2023-12-15
A/Gull_Spp./BC/AIVPHL-1547/2023	2023-12-15
A/Trumpeter_Swan/BC/AIVPHL-1560/2023	2023-12-18
A/Barred_Owl/BC/AIVPHL-1538/2023	2023-12-11
A/grackle/Texas/062211-24-4/2024	2024-03-19
A/Red-Tailed_Hawk/ON/FAV-0097-1/2023	2023-03-07
A/American_Crow/PE/FAV-0096-8/2023	2023-03-02
A/American_Crow/PE/FAV-0096-5/2023	2023-03-02
A/Canada_Goose/PE/FAV-0096-4/2023	2023-03-01
A/Mixed/NS/FAV-0079-5/2023	2023-02-27
A/Mixed/NS/FAV-0079-4/2023	2023-02-27
A/Canada_Goose/PE/FAV-0096-3/2023	2023-02-27
A/Canada_Goose/PE/FAV-0096-2/2023	2023-02-27
A/Canada_Goose/PE/FAV-0096-1/2023	2023-02-27
A/American_Crow/ON/FAV-0137-2/2023	2023-02-27
A/American_Crow/PE/FAV-0086-3/2023	2023-02-26
A/Canada_Goose/PE/FAV-0096-6/2023	2023-02-23
A/Canada_Goose/PE/FAV-0087-2/2023	2023-02-22
A/Snowy_Owl/ON/FAV-0078-3/2023	2023-02-15
A/Snowy_Owl/ON/FAV-0073-2/2023	2023-02-13
A/Canada_Goose/PE/FAV-0074-1/2023	2023-02-10
A/Canada_goose/PE/FAV-0080-1/2023	2023-02-09
A/Duck/QC/FAV-0069-6/2023	2023-02-08
A/Chicken/NS/FAV-0062-1/2023	2023-02-08
A/Canada_goose/PE/FAV-0080-4/2023	2023-02-08
A/Duck/QC/FAV-0065-4/2023	2023-02-06
A/Duck/QC/FAV-0052-1/2023	2023-02-01
A/Duck/QC/FAV-0051-1/2023	2023-02-01
A/Canada_Goose/PE/FAV-0068-2/2023	2023-01-31
A/Canada_Goose/PE/FAV-0068-1/2023	2023-01-31
A/American_Crow/PE/FAV-0068-6/2023	2023-01-31
A/American_Crow/PE/FAV-0068-5/2023	2023-01-31
A/American_Crow/PE/FAV-0068-4/2023	2023-01-31
A/Canada_Goose/PE/FAV-0058-1/2023	2023-01-27
A/Chicken/BC/FAV-0032-2/2023	2023-01-23
A/Chicken/NB/FAV-0013/2023	2023-01-10
A/American_Crow/PE/FAV-0035-4/2023	2023-01-10
A/American_Crow/PE/FAV-0035-3/2023	2023-01-10
A/Chicken/BC/FAV-0012-4/2023	2023-01-09
A/Chicken/BC/FAV-0011-2/2023	2023-01-09
A/Chicken/BC/FAV-0011-1/2023	2023-01-09
A/Chicken/BC/FAV-0010-2/2023	2023-01-09
A/Chicken/BC/FAV-0010-1/2023	2023-01-09
A/American_Crow/QC/FAV-0103-1/2023	2023-01-09
A/American_Crow/PE/FAV-0035-5/2023	2023-01-09
A/Northern_Pintail/BC/FAV-0053-43/2023	2023-01-06
A/Chicken/BC/FAV-0005-2/2023	2023-01-03
A/American_Crow/BC/FAV-0053-42/2023	2023-01-02
A/chicken/Montana/23-037612-002/2023	2023-11-28
A/turkey/Wisconsin/23-037243-001/2023	2023-11-25
A/chicken/Iowa/23-037208-002/2023	2023-11-22
A/turkey/Wisconsin/23-037129-002/2023	2023-11-22
A/chicken/Minnesota/23-037030-002/2023	2023-11-22
A/chicken/Maryland/23-036657-001/2023	2023-11-19
A/turkey/South Dakota/23-035084-0032/2023	2023-11-14
A/american wigeon/Montana/23-030445-012/2023	2023-09-30
A/pintail/New York/23-030074-013/2023	2023-09-30
A/northern shoveler/Colorado/23-029854-024/2023	2023-09-30
A/green-winged teal/Colorado/23-029854-011/2023	2023-09-30
A/blue-winged teal/Louisiana/23-028760-020/2023	2023-09-20
A/mallard/New Hampshire/23-027730-019/2023	2023-09-08
A/mallard/Idaho/23-027671-006/2023	2023-09-07
A/mallard/Alaska/23-027273-011/2023	2023-09-03
A/mallard/Idaho/23-027175-011/2023	2023-08-31
A/mallard/Colorado/23-027142-121/2023	2023-09-05
A/mallard/Vermont/23-027105-078/2023	2023-09-01
A/turkey/Washington/23-037272-001/2023	2023-11-21
A/chicken/North Dakota/23-037267-001/2023	2023-11-25
A/chicken/Nebraska/23-037257-001/2023	2023-11-22
A/turkey/South Dakota/23-037252-002/2023	2023-11-26
A/turkey/South Dakota/23-037251-002/2023	2023-11-24
A/turkey/North Dakota/23-037249-003/2023	2023-11-23
A/mallard/South Dakota/23-031574-001/2023	2023-10-07
A/gadwall/South Dakota/23-031573-004/2023	2023-10-08
A/blue-winged teal/Kansas/23-030994-014/2023	2023-10-07
A/ring-necked duck/Kansas/23-030994-012/2023	2023-10-07
A/blue-winged teal/Kansas/23-030993-003/2023	2023-10-07
A/pintail/Colorado/23-030893-007/2023	2023-10-07
A/blue-winged teal/Colorado/23-029854-021/2023	2023-09-30
A/mallard/New Hampshire/23-027732-036/2023	2023-09-07
A/mallard/New Hampshire/23-027732-033/2023	2023-09-07
A/mallard/New Hampshire/23-027732-016/2023	2023-09-07
A/swan/Oklahoma/23-032455-001/2023	2023-10-24
A/chicken/Minnesota/23-032411-001/2023	2023-10-23
A/turkey/Minnesota/23-032410-002/2023	2023-10-23
A/turkey/South Dakota/23-032362-002/2023	2023-10-24
A/turkey/South Dakota/23-032362-001/2023	2023-10-24
A/turkey/South Dakota/23-032360-002/2023	2023-10-23
A/turkey/South Dakota/23-032354-002/2023	2023-10-22
A/chicken/Oregon/23-032327-001/2023	2023-10-20
A/guinea fowl/Minnesota/23-032247-002/2023	2023-10-20
A/chicken/Minnesota/23-032247-001/2023	2023-10-20
A/turkey/Minnesota/23-032152-002/2023	2023-10-19
A/turkey/Iowa/23-032139-002/2023	2023-10-22
A/chicken/Iowa/23-032138-002/2023	2023-10-22
A/chicken/Iowa/23-032138-001/2023	2023-10-22
A/pheasant/Alabama/23-032820-001/2023	2023-10-25
A/turkey/California/23-032623-001/2023	2023-10-24
A/turkey/Iowa/23-032005-002/2023	2023-10-19
A/chicken/Oregon/23-031852-001/2023	2023-10-17
A/American_Wigeon/BC/AIVPHL-1411/2023	2023-11-14
A/Peregrine_Falcon/BC/AIVPHL-1151/2023	2023-06-05
A/Cooper_s_Hawk/BC/AIVPHL-1498/2023	2023-12-11
A/American_Wigeon/BC/AIVPHL-1410/2023	2023-11-14
A/Cooper_s_Hawk/BC/AIVPHL-1125/2023	2023-05-23
A/Mallard/BC/AIVPHL-1484/2023	2023-12-08
A/American_Wigeon/BC/AIVPHL-1409/2023	2023-11-14
A/Canada_Goose/BC/AIVPHL-1483/2023	2023-12-04
A/Cackling_Goose/BC/AIVPHL-1407/2023	2023-11-14
A/Cackling_Goose/BC/AIVPHL-1479/2023	2023-12-04
A/Cackling_Goose/BC/AIVPHL-1405/2023	2023-11-14
A/Great_Horned_Owl/BC/AIVPHL-1037/2023	2023-03-31
A/Red_Tailed_Hawk/BC/AIVPHL-1028/2023	2023-03-27
A/Canada_Goose/BC/AIVPHL-1458/2023	2023-11-27
A/American_Crow/BC/AIVPHL-874/2023	2023-01-09
A/Mallard/BC/AIVPHL-1400/2023	2023-11-14
A/Barn_Owl/BC/AIVPHL-1011/2023	2023-03-20
A/Red_Tailed_Hawk/BC/AIVPHL-1454/2023	2023-11-27
A/Wood_Duck/BC/AIVPHL-1399/2023	2023-11-14
A/Peregrine_Falcon/BC/AIVPHL-877/2023	2023-01-09
A/Red_Tailed_Hawk/BC/AIVPHL-1009/2023	2023-03-20
A/Cackling_Goose/BC/AIVPHL-1398/2023	2023-11-14
A/Barred_Owl/BC/AIVPHL-1008/2023	2023-03-20
A/Cackling_Goose/BC/AIVPHL-1396/2023	2023-11-14
A/Red_Tailed_Hawk/BC/AIVPHL-1007/2023	2023-03-20
A/Cackling_Goose/BC/AIVPHL-1394/2023	2023-11-14
A/Trumpeter_Swan/BC/AIVPHL-1003/2023	2023-03-20
A/Canada_Goose/BC/AIVPHL-1395/2023	2023-11-14
A/Barn_Owl/BC/AIVPHL-995/2023	2023-03-13
A/Cooper_s_Hawk/BC/AIVPHL-1393/2023	2023-11-13
A/Red_Tailed_Hawk/BC/AIVPHL-990/2023	2023-03-13
A/Great_Horned_Owl/BC/AIVPHL-1388/2023	2023-11-08
A/Barred_Owl/BC/AIVPHL-982/2023	2023-03-10
A/Canada_Goose/BC/AIVPHL-1386/2023	2023-11-07
A/Great_Horned_Owl/BC/AIVPHL-981/2023	2023-03-10
A/American_Crow/BC/AIVPHL-1384/2023	2023-11-06
A/American_Wigeon/BC/AIVPHL-1379/2023	2023-11-03
A/Canada_Goose/BC/AIVPHL-1377/2023	2023-11-03
A/Cackling_Goose/BC/AIVPHL-1375/2023	2023-11-03
A/Red_Tailed_Hawk/BC/AIVPHL-1372/2023	2023-11-03
A/Great_Horned_Owl/BC/AIVPHL-956/2023	2023-02-27
A/Barrow_s_Goldeneye/BC/AIVPHL-943/2023	2023-02-06
A/Red_Tailed_Hawk/BC/AIVPHL-941/2023	2023-02-06
A/Dunlin/BC/AIVPHL-940/2023	2023-02-06
A/Red_Tailed_Hawk/BC/AIVPHL-931/2023	2023-01-30
A/American_Crow/BC/AIVPHL-929/2023	2023-01-30
A/Barn_Owl/BC/AIVPHL-926/2023	2023-01-30
A/Long_Eared_Owl/BC/AIVPHL-925/2023	2023-01-30
A/Cooper_s_Hawk/BC/AIVPHL-924/2023	2023-01-30
A/American_Crow/BC/AIVPHL-922/2023	2023-01-30
A/American_Crow/BC/AIVPHL-921/2023	2023-01-30
A/Trumpeter_Swan/BC/AIVPHL-916/2023	2023-01-27
A/American_Crow/BC/AIVPHL-900/2023	2023-01-16
A/great_horned_owl/BC/AIVPHL-372/2023	2023-01-16
A/cackling_goose/BC/AIVPHL-367/2023	2023-01-16
A/trumpeter_swan/BC/AIVPHL-364/2023	2023-01-16
A/canada_goose/BC/AIVPHL-371/2023	2023-01-16
A/bald_eagle/BC/AIVPHL-357/2023	2023-01-09
A/mallard/BC/AIVPHL-355/2023	2023-01-09
A/great_horned_owl/BC/AIVPHL-353/2023	2023-01-09
A/red-tailed_hawk/BC/AIVPHL-362/2023	2023-01-09
A/great_horned_owl/BC/AIVPHL-361/2023	2023-01-09
A/glaucous-winged_gull/BC/AIVPHL-356/2023	2023-01-09
A/rough-legged_hawk/BC/AIVPHL-352/2023	2023-01-03
A/chicken/Michigan/24-013788-002/2024	2024-05-08
A/chicken/NewYork/NYCVH-168127/2023	2023-04-09
A/gadwall/Oregon/23-001494-006/2023	2023-01-05
A/gadwall/Alaska/23-006279-001/2023	2023-12-19
A/gadwall/Alaska/23-002626-001/2023	2023-01-17
A/gadwall/Texas/23-003062-010/2023	2023-01-18
A/green winged teal/Minnesota/23-029312-002/2023	2023-09-23
A/green winged teal/Colorado/23-029854-015/2023	2023-09-30
A/american wigeon/Texas/23-003062-020/2023	2023-01-18
A/american wigeon/Oregon/23-003438-001/2023	2023-01-07
A/Redhead duck/Colorado/23-029854-022/2023	2023-09-30
A/mallard/Montana/23-030714-006/2023	2023-09-30
A/mallard/Montana/23-030445-013/2023	2023-09-30
A/bald eagle/Virginia/23-004672-001/2023	2023-01-03
A/bald eagle/South Carolina/23-003145-001/2023	2023-01-09
A/bald eagle/Michigan/23-000751-001/2023	2023-01-05
A/bald eagle/North Carolina/23-003140-001/2023	2023-01-14
A/bald eagle/North Carolina/23-006089-001/2023	2023-02-16
A/bald eagle/Massachusetts/23-003139-001/2023	2023-01-12
A/dairy cow/Michigan/BI-ME-010/2024	2024-06-24
A/dairy cow/USA/24_030318-001/2024	2024-10-10
A/dairy cow/Michigan/24_013999-001/2024	2024-05-08
A/dairy cow/Colorado/24_022332-011/2024	2024-08-01
A/dairy cow/Colorado/24_022332-014/2024	2024-08-01
A/dairy cow/Idaho/24_014336-004/2024	2024-05-13
A/dairy cow/New Mexico/24_010330-002-300/2024	2024-04-04
A/domestic cat/Texas/062222-24-1-4/2024	2024-03-19
A/dairy cow/Ohio/B2410989-URINE-54/2024	2024-04-19
A/dairy cow/Ohio/B2408700-PBS-9/2024	2024-03-29
A/dairy cow/Ohio/B2408700-PBS-7/2024	2024-03-29
A/dairy cow/Ohio/B2408700-PBS-6/2024	2024-03-29
A/dairy cow/Ohio/B2408700-PBS-5/2024	2024-03-29
A/dairy cow/Ohio/B2408700-PBS-10/2024	2024-03-29
A/dairy cow/Ohio/B2408700-PBS-1/2024	2024-03-29
A/dairy cow/Texas/072679-24/2024	2024-03-15
A/dairy cow/Texas/067041-24-6/2024	2024-03-16
A/dairy cow/Texas/063224-24-8/2024	2024-03-19
A/dairy cow/Texas/063224-24-4/2024	2024-03-19
A/dairy cow/Texas/057377-24-26/2024	2024-03-13
A/dairy cow/Texas/057377-24-2/2024	2024-03-13
A/dairy cow/Texas/057377-24-18/2024	2024-03-13
A/dairy cow/Ohio/084875-24-5/2024	2024-04-11
A/dairy cow/Ohio/084875-24-4/2024	2024-04-11
A/dairy cow/Ohio/078707-24-2/2024	2024-04-02
RG-A/BALD_EAGLE/FLORIDA/W22-134-OP/2022XA/PR/8/34	2024-05-12
A/sanderling/Oregon/23-000771-001/2023	2023-01-03
A/sanderling/Washington/23-004228-001/2023	2023-01-26
A/cat/Nebraska/23-010184-001/2023	2023-03-30
A/peregrine falcon/Virginia/W24-219E/2024	2024-03-25
A/canada goose/Colorado/23-000497-001/2023	2023-01-01
A/canada goose/Massachusetts/23-004612-013/2023	2023-01-08
A/canada goose/New York/23-001640-001/2023	2023-01-13
A/canada goose/Nebraska/23-001495-002/2023	2023-01-10
A/canada goose/Nebraska/23-001495-001/2023	2023-01-10
A/domestic goose/South Dakota/23-035811-003/2023	2023-11-15
A/Glaucous-winged gull/Washington/W231990001-1/2023	2023-07-13
A/swan/Texas/23-030412-001/2023	2023-10-06
A/turkey/Minnesota/24-019523-001/2024	2024-07-07
A/turkey/Minnesota/24-019524-003/2024	2024-07-07
A/Striped_Skunk/AB/FAV-0085-1/2023	2023-02-01
A/Striped_Skunk/PE/FAV-0060-1/2023	2023-01-22
A/Harbor seal/Washington/W232510072-3-1/2023	2023-08-31
A/Harbor seal/Washington/W232490069-3/2023	2023-08-13
A/Red_Fox/BC/AIVPHL-1286/2023	2023-08-22
A/Missouri/121/2024	2024-08-22
A/Colorado/134/2024	2024-07-15
A/california condor/Arizona/23-010946-001/2023	2023-04-04
A/california condor/Arizona/23-010675-002/2023	2023-03-30
A/california condor/Arizona/23-011580-002/2023	2023-04-06
A/california condor/Arizona/23-011582-001/2023	2023-04-12
A/red tailed hawk/New York/23-003070-001/2023	2023-01-18
A/red tailed hawk/New York/23-002535-001/2023	2023-01-17
A/magpie/Idaho/23-001085-001/2023	2023-01-04
A/magpie/Colorado/23-004705-001-R-Smethod/2023	2023-02-07
A/magpie/Colorado/23-003934-002/2023	2023-01-17
A/magpie/Colorado/23-002236-002/2023	2023-01-11
A/crow/Utah/23-001041-010/2023	2023-01-06
A/red-tailed hawk/Virginia/W24-248F/2024	2024-04-17
A/horned grebe/Virginia/W24-248D/2024	2024-04-17
A/horned grebe/Virginia/W24-248A/2024	2024-04-17
A/horned grebe/Virginia/W24-219C/2024	2024-03-29
A/turkey/Minnesota/24-012740-001-original/2024	2024-04-29
A/domestic duck/Florida/24-012642-001-original/2024	2024-04-24
A/chicken/Florida/24-010928-002-original/2024	2024-04-10
A/chicken/North Carolina/24-009286-001-original/2024	2024-03-26
A/domestic goose/Maine/24-007946-002-original/2024	2024-03-13
A/chicken/Oregon/24-007557-001-original/2024	2024-03-07
A/turkey/South Dakota/24-007379-001-original/2024	2024-03-08
A/chicken/Minnesota/24-007263-002-original/2024	2024-03-07
A/poultry/Ohio/24-005906-002-original/2024	2024-02-23
A/peacock/Indiana/24-005716-006-original/2024	2024-02-21
A/chicken/Indiana/24-005716-002-original/2024	2024-02-21
A/turkey/Missouri/24-005705-003-original/2024	2024-02-22
A/chicken/New York/24-005701-001-original/2024	2024-02-22
A/chicken/Maryland/24-005539-002-original/2024	2024-02-16
A/turkey/Missouri/24-005372-002-original/2024	2024-02-17
A/mallard/Maine/24-004330-035-original/2024	2024-01-31
A/mallard/Maine/24-004329-016-original/2024	2024-01-30
A/green-winged teal/North Carolina/24-004327-001-original/2024	2024-01-30
A/mallard/Massachusetts/24-004240-009-original/2024	2024-02-04
A/wood duck/Mississippi/24-004235-003-original/2024	2024-02-05
A/wood duck/Mississippi/24-004128-011-original/2024	2024-01-29
A/wood duck/Mississippi/24-004128-008-original/2024	2024-01-29
A/mallard/Washington/24-003953-010-original/2024	2024-01-29
A/mallard/Washington/24-003952-017-original/2024	2024-01-28
A/mallard/South Dakota/23-032873-001-original/2023	2023-10-22
A/American wigeon/Oregon/23-032793-009-original/2023	2023-10-22
A/ring-necked duck/Florida/23-038112-090-original/2023	2023-11-18
A/ring-necked duck/Florida/23-038112-067-original/2023	2023-11-18
A/blue-winged teal/Florida/23-038112-061-original/2023	2023-11-18
A/ring-necked duck/Florida/23-038112-052-original/2023	2023-11-18
A/redhead duck/Florida/23-038112-039-original/2023	2023-11-18
A/blue-winged teal/Florida/23-038112-033-original/2023	2023-11-18
A/blue-winged teal/Florida/23-038112-025-original/2023	2023-11-18
A/gadwall/Oklahoma/23-038104-007-original/2023	2023-11-21
A/mallard/California/23-036805-002-original/2023	2023-11-04
A/mallard/Wisconsin/23-036678-011-original/2023	2023-11-10
A/Canada goose/Iowa/23-035642-002-original/2023	2023-11-07
A/American wigeon/Oregon/23-035569-016-original/2023	2023-11-04
A/mallard/North Dakota/23-035009-008-original/2023	2023-11-08
A/mallard/North Dakota/23-034416-006-original/2023	2023-11-02
A/green-winged teal/Illinois/23-033978-005-original/2023	2023-10-29
A/gadwall/South Dakota/23-033791-002-original/2023	2023-10-27
A/northern shoveler/California/23-032991-014-original/2023	2023-10-22
A/American wigeon/Oregon/23-032795-008-original/2023	2023-10-21
A/American wigeon/Michigan/23-031864-051-original/2023	2023-10-14
A/green-winged teal/Michigan/23-031864-026-original/2023	2023-10-14
A/green-winged teal/Michigan/23-031864-021-original/2023	2023-10-14
A/American black duck/Michigan/23-031864-014-original/2023	2023-10-14
A/mallard/Wyoming/23-031581-003-original/2023	2023-10-03
A/turkey/Missouri/24-005371-002-original/2024	2024-02-17
A/mallard/South Dakota/23-031577-005-original/2023	2023-10-09
A/chicken/California/23-040996-002-original/2023	2023-12-23
A/chicken/California/23-040996-001-original/2023	2023-12-23
A/chicken/California/23-040993-001-original/2023	2023-12-26
A/turkey/Minnesota/23-040874-002-original/2023	2023-12-24
A/chicken/Oklahoma/23-040869-001-original/2023	2023-12-22
A/turkey/Michigan/23-040820-001-original/2023	2023-12-26
A/chicken/California/23-040664-007-original/2023	2023-12-20
A/chicken/California/23-040664-002-original/2023	2023-12-20
A/green-winged teal/California/23-036805-003-original/2023	2023-11-04
A/green-winged teal/California/23-036804-011-original/2023	2023-11-04
A/American black duck/Wisconsin/23-036678-012-original/2023	2023-11-10
A/common loon/Michigan/23-035045-001-original/2023	2023-11-08
A/mallard/Wisconsin/23-035003-003-original/2023	2023-10-27
A/mallard/Kansas/23-035001-006-original/2023	2023-11-04
A/green-winged teal/Kansas/23-035001-003-original/2023	2023-11-04
A/green-winged teal/Kansas/23-035000-007-original/2023	2023-11-05
A/chicken/Nebraska/23-040358-001-original/2023	2023-12-19
A/chicken/California/23-040000-002-original/2023	2023-12-12
A/chicken/Kansas/23-039998-002-original/2023	2023-12-17
A/chicken/Washington/23-039991-002-original/2023	2023-12-14
A/chicken/Kansas/23-039959-001-original/2023	2023-12-17
A/chicken/Kansas/23-039958-002-original/2023	2023-12-16
A/chicken/Kansas/23-039877-001-original/2023	2023-12-15
A/green-winged teal/Wisconsin/23-035004-001-original/2023	2023-10-24
A/green-winged teal/Indiana/23-034643-006-original/2023	2023-11-03
A/mallard/Missouri/23-034484-001-original/2023	2023-11-06
A/mallard/Missouri/23-034483-001-original/2023	2023-11-05
A/mallard/North Dakota/23-034426-005-original/2023	2023-11-03
A/mallard/North Dakota/23-034426-003-original/2023	2023-11-03
A/mallard/North Dakota/23-034423-011-original/2023	2023-11-03
A/green-winged teal/North Dakota/23-034422-017-original/2023	2023-11-02
A/mallard/South Dakota/23-032221-011-original2/2023	2023-10-17
A/chicken/California/23-039242-001-original/2023	2023-12-11
A/chicken/Alabama/23-039062-002-original/2023	2023-12-07
A/Muscovy duck/California/23-039033-002-original/2023	2023-12-08
A/turkey/Minnesota/23-038918-004-original/2023	2023-12-07
A/chicken/Kansas/23-038719-002-original/2023	2023-12-07
A/chicken/California/23-038717-005-original/2023	2023-12-06
A/chicken/California/23-038717-004-original/2023	2023-12-06
A/mallard/Michigan/23-034360-031-original/2023	2023-11-01
A/green-winged teal/Michigan/23-034360-007-original/2023	2023-11-01
A/American black duck/Indiana/23-034359-024-original/2023	2023-11-01
A/mallard/Nevada/23-034303-024-original/2023	2023-10-14
A/green-winged teal/California/23-034302-013-original/2023	2023-10-25
A/green-winged teal/California/23-034302-012-original/2023	2023-10-25
A/American wigeon/California/23-034302-009-original/2023	2023-10-25
A/chicken/Kansas/23-039580-008-original/2023	2023-12-13
A/chicken/Ohio/23-039418-002-original/2023	2023-12-12
A/chicken/Kansas/23-039162-002-original/2023	2023-12-11
A/partridge/New York/23-039086-005-original/2023	2023-12-11
A/mallard/Georgia/23-036743-002-original/2023	2023-11-19
A/pintail/California/23-034302-003-original/2023	2023-10-25
A/pintail/California/23-034293-006-original/2023	2023-10-21
A/black vulture/South Carolina/23-034287-004-original/2023	2023-11-02
A/black vulture/South Carolina/23-034287-003-original/2023	2023-11-02
A/American wigeon/Colorado/23-034259-003-original/2023	2023-11-05
A/mallard/Iowa/23-034037-004-original/2023	2023-10-27
A/green-winged teal/Iowa/23-034037-002-original/2023	2023-10-27
A/sanderling/Virginia/W24-190J/2024	2024-03-11
A/Canada_goose/PE/FAV-0080-2/2023	2023-02-09
A/Canada_Goose/PE/FAV-0086-10/2023	2023-02-22
A/Canada_Goose/PE/FAV-0086-9/2023	2023-02-22
A/Canada_Goose/PE/FAV-0086-8/2023	2023-02-22
A/Canada_Goose/PE/FAV-0086-6/2023	2023-02-22
A/Canada_Goose/PE/FAV-0086-7/2023	2023-02-21
A/Canada_Goose/PE/FAV-0086-4/2023	2023-02-21
A/Canada_Goose/NS/FAV-0122-2/2023	2023-02-21
A/Trumpeter_Swan/ON/FAV-0078-1/2023	2023-02-17
A/Duck/QC/FAV-0065-2/2023	2023-02-06
A/Duck/QC/FAV-0064-2/2023	2023-02-06
A/Red-Tailed_Hawk/ON/FAV-0067-2/2023	2023-02-03
A/Great_Horned_Owl/ON/FAV-0078-2/2023	2023-02-02
A/Duck/QC/FAV-0056-1/2023	2023-02-02
A/Duck/QC/FAV-0055-4/2023	2023-02-02
A/Duck/QC/FAV-0055-2/2023	2023-02-02
A/Herring_Gull/PE/FAV-0058-2/2023	2023-01-21
A/Duck/BC/FAV-0024-3/2023	2023-01-17
A/Chicken/BC/FAV-0023-1/2023	2023-01-17
A/Snowy_Owl/ON/FAV-0057-2/2023	2023-01-16
A/great horned owl/Kansas/W24-005/2023	2023-10-04
A/red-tailed hawk/Kansas/W23-889/2023	2023-11-08
A/chicken/Florida/23-035663-001/2023	2023-11-15
A/turkey/Minnesota/23-035616-001/2023	2023-11-14
A/turkey/Minnesota/23-035802-003/2023	2023-11-15
A/chicken/South Dakota/23-035815-001/2023	2023-11-14
A/turkey/South Dakota/23-035816-002/2023	2023-11-15
A/domestic duck/California/23-036543-002/2023	2023-11-15
A/chicken/South Dakota/23-036549-001/2023	2023-11-16
A/turkey/South Dakota/23-036552-002/2023	2023-11-17
A/turkey/South Dakota/23-036553-002/2023	2023-11-16
A/chicken/New Mexico/23-036561-001/2023	2023-11-14
A/turkey/Minnesota/23-034438-002/2023	2023-11-07
A/turkey/South Dakota/23-034372-002/2023	2023-11-07
A/turkey/South Dakota/23-034372-001/2023	2023-11-07
A/turkey/South Dakota/23-034369-002/2023	2023-11-07
A/turkey/Minnesota/23-034358-002/2023	2023-11-07
A/chicken/Montana/23-034346-007/2023	2023-11-07
A/chicken/Montana/23-034345-002/2023	2023-11-06
A/chicken/Utah/23-034218-001/2023	2023-11-06
A/turkey/South Dakota/23-034174-002/2023	2023-11-06
A/domestic goose/Alaska/23-034050-002/2023	2023-11-03
A/chicken/Alaska/23-034050-001/2023	2023-11-03
A/chicken/Missouri/23-033857-002/2023	2023-11-02
A/chicken/Iowa/23-033841-002/2023	2023-11-02
A/domestic duck/Iowa/23-033840-003/2023	2023-11-02
A/turkey/South Dakota/23-033623-002/2023	2023-11-02
A/turkey/Minnesota/23-033304-001/2023	2023-10-28
A/chicken/Tennessee/23-033119-001/2023	2023-10-30
A/chicken/Arkansas/23-033113-002/2023	2023-10-30
A/turkey/Minnesota/23-033106-001/2023	2023-10-27
A/turkey/South Dakota/23-033096-002/2023	2023-10-28
A/chicken/Oklahoma/23-033090-001/2023	2023-10-27
A/guinea fowl/Oklahoma/23-033516-001/2023	2023-10-31
A/chicken/Alabama/23-033467-002/2023	2023-11-01
A/turkey/Iowa/23-033286-001/2023	2023-10-30
A/king vulture/Arizona/23-033233-001/2023	2023-10-24
A/chicken/Alaska/23-032968-001/2023	2023-10-27
A/chicken/Alaska/23-032967-001/2023	2023-10-27
A/chicken/Washington/23-032826-001/2023	2023-10-24
A/turkey/Utah/23-030333-003/2023	2023-10-05
A/peacock/Oklahoma/23-031171-001/2023	2023-10-11
A/chicken/North Dakota/23-030961-001/2023	2023-10-12
A/domestic duck/Montana/23-030959-002/2023	2023-10-11
A/chicken/Colorado/23-030833-003/2023	2023-10-11
A/chicken/North Dakota/23-030824-001/2023	2023-10-08
A/chicken/Montana/23-030330-002/2023	2023-10-07
A/bald eagle/Oregon/23-028286-001/2023	2023-09-07
A/turkey/South Dakota/23-029852-001/2023	2023-10-02
A/Red_Tailed_Hawk/BC/AIVPHL-1453/2023	2023-11-27
A/Red_Tailed_Hawk/BC/AIVPHL-1450/2023	2023-11-27
A/Barred_Owl/BC/AIVPHL-1449/2023	2023-11-27
A/Canada_Goose/BC/AIVPHL-1448/2023	2023-11-27
A/Hooded_Merganser/BC/AIVPHL-1456/2023	2023-11-27
A/Hooded_Merganser/BC/AIVPHL-1447/2023	2023-11-27
A/Mallard/BC/AIVPHL-1446/2023	2023-11-27
A/Red_Tailed_Hawk/BC/AIVPHL-1445/2023	2023-11-27
A/Red_Tailed_Hawk/BC/AIVPHL-1444/2023	2023-11-27
A/Canada_Goose/BC/AIVPHL-1443/2023	2023-11-24
A/Red_Tailed_Hawk/BC/AIVPHL-1442/2023	2023-11-23
A/Cackling_Goose/BC/AIVPHL-1436/2023	2023-11-20
A/Dunlin/BC/AIVPHL-1429/2023	2023-11-20
A/Cooper_s_Hawk/BC/AIVPHL-1370/2023	2023-11-02
A/American_Crow/BC/AIVPHL-1425/2023	2023-11-20
A/Peregrine_Falcon/BC/AIVPHL-1361/2023	2023-10-23
A/American_Crow/BC/AIVPHL-1424/2023	2023-11-20
A/Canada_Goose/BC/AIVPHL-1343/2023	2023-10-11
A/Canada_Goose/BC/AIVPHL-1423/2023	2023-11-20
A/American_Wigeon/BC/AIVPHL-1421/2023	2023-11-20
A/American_Crow/BC/AIVPHL-1246/2023	2023-07-26
A/American_Wigeon/BC/AIVPHL-1420/2023	2023-11-20
A/Cooper_s_Hawk/BC/AIVPHL-1243/2023	2023-07-24
A/Red_Tailed_Hawk/BC/AIVPHL-1419/2023	2023-11-20
A/Great_Horned_Owl/BC/AIVPHL-1242/2023	2023-07-24
A/Cooper_s_Hawk/BC/AIVPHL-1433/2023	2023-11-20
A/Barred_Owl/BC/AIVPHL-1238/2023	2023-07-24
A/Great_Blue_Heron/BC/AIVPHL-1417/2023	2023-11-20
A/Red_Tailed_Hawk/BC/AIVPHL-1236/2023	2023-07-24
A/Cackling_Goose/BC/AIVPHL-1413/2023	2023-11-16
A/Red_Tailed_Hawk/BC/AIVPHL-1227/2023	2023-07-17
A/Cackling_Goose/BC/AIVPHL-1412/2023	2023-11-14
A/Dunlin/BC/AIVPHL-1221/2023	2023-07-14
A/Peregrine_Falcon/BC/AIVPHL-1499/2023	2023-12-11
A/Raven/BC/AIVPHL-1062/2023	2023-04-12
A/American_Crow/BC/AIVPHL-1469/2023	2023-12-01
A/Cackling_Goose/BC/AIVPHL-1404/2023	2023-11-14
A/American_Crow/BC/AIVPHL-1468/2023	2023-12-01
A/Cooper_s_Hawk/BC/AIVPHL-893/2023	2023-01-16
A/Red_Tailed_Hawk/BC/AIVPHL-892/2023	2023-01-16
A/Cooper_s_Hawk/BC/AIVPHL-1027/2023	2023-03-27
A/Peregrine_Falcon/BC/AIVPHL-1465/2023	2023-12-01
A/Canada_Goose/BC/AIVPHL-1402/2023	2023-11-14
A/Barn_Owl/BC/AIVPHL-1029/2023	2023-03-27
A/Cackling_Goose/BC/AIVPHL-876/2023	2023-01-09
A/Barn_Owl/BC/AIVPHL-1464/2023	2023-12-01
A/Canada_Goose/BC/AIVPHL-1401/2023	2023-11-14
A/Cackling_Goose/BC/AIVPHL-875/2023	2023-01-09
A/chicken/Idaho/24-019884-002/2024	2024-07-09
A/chicken/Colorado/24-020282-001/2024	2024-07-14
A/chicken/Colorado/24-020282-002/2024	2024-07-14
A/dairy cow/USA/24_023669-001/2024	2024-08-13
A/dairy cow/USA/24_025091-002/2024	2024-08-14
A/dairy cow/California/24_025746-001/2024	2024-09-04
A/dairy cow/USA/24_026219-004/2024	2024-05-22
A/dairy cow/USA/24_026360-017/2024	2024-05-21
A/dairy cow/Colorado/24_026550-001/2024	2024-09-09
A/dairy cow/Colorado/24_026553-001/2024	2024-09-09
A/dairy cow/USA/24_026560-001/2024	2024-09-09
A/dairy cow/USA/24_026560-002/2024	2024-09-09
A/dairy cow/Colorado/24_024945-001/2024	2024-08-25
A/dairy cow/USA/24_025749-001/2024	2024-09-02
A/dairy cow/USA/24_026219-005/2024	2024-05-22
A/dairy cow/USA/24_026360-003/2024	2024-05-21
A/dairy cow/USA/24_026360-009/2024	2024-05-21
A/dairy cow/USA/24_026360-013/2024	2024-05-21
A/dairy cow/USA/24_026560-003/2024	2024-09-09
A/dairy cow/Colorado/24_024946-001/2024	2024-08-26
A/dairy cow/Colorado/BI-MD-041/2024	2024-06-10
A/dairy cow/Colorado/BI-ME-001/2024	2024-06-24
A/dairy cow/Colorado/BI-MF-011/2024	2024-07-02
A/dairy cow/Colorado/BI-MF-021/2024	2024-07-02
A/dairy cow/Idaho/BI-ME-015/2024	2024-06-24
A/dairy cow/Idaho/BI-MF-006/2024	2024-07-03
A/dairy cow/Michigan/BI-ME-013/2024	2024-06-24
A/dairy cow/Texas/BI-MD-029/2024	2024-06-09
A/dairy cow/USA/24_024344-003/2024	2024-08-19
A/dairy cow/USA/24_023930-005/2024	2024-04-22
A/dairy cow/Colorado/24_022845-001/2024	2024-08-05
A/dairy cow/South Dakota/24_021716-002/2024	2024-07-29
A/dairy cow/Colorado/24_022177-001/2024	2024-07-29
A/dairy cow/Colorado/24_022159-003/2024	2024-07-28
A/dairy cow/Colorado/24_022159-002/2024	2024-07-28
A/dairy cow/South Dakota/24_021715-006/2024	2024-07-29
A/dairy cow/Iowa/24_019475-002/2024	2024-07-02
A/dairy cow/Minnesota/24_019617-011/2024	2024-07-02
A/dairy cow/Colorado/24_019691-001/2024	2024-07-05
A/dairy cow/Colorado/24_019691-005/2024	2024-07-05
A/dairy cow/Colorado/24_019691-009/2024	2024-07-05
A/dairy cow/Colorado/24_019691-011/2024	2024-07-05
A/dairy cow/Colorado/24_019691-014/2024	2024-07-05
A/dairy cow/Colorado/24_019694-001/2024	2024-07-05
A/dairy cow/Colorado/24_019694-003/2024	2024-07-05
A/dairy cow/Idaho/24_019780-002/2024	2024-07-02
A/dairy cow/Texas/24_019890-006/2024	2024-07-04
A/dairy cow/Colorado/24_020027-001/2024	2024-07-09
A/dairy cow/Colorado/24_020172-001/2024	2024-07-09
A/dairy cow/Colorado/24_018871-002/2024	2024-06-26
A/dairy cow/USA/24_019634-002/2024	2024-07-03
A/dairy cow/Colorado/24_018871-004/2024	2024-06-26
A/dairy cow/Minnesota/24_018975-001/2024	2024-06-26
A/dairy cow/Minnesota/24_018975-002/2024	2024-06-26
A/dairy cow/Minnesota/24_018976-004/2024	2024-06-25
A/dairy cow/Minnesota/24_017653-008/2024	2024-06-14
A/dairy cow/Colorado/24_017660-002/2024	2024-06-13
A/dairy cow/USA/24_017473-001/2024	2024-05-27
A/dairy cow/USA/24_017473-002/2024	2024-05-27
A/dairy cow/USA/24_017473-003/2024	2024-05-27
A/dairy cow/Idaho/24_017478-002/2024	2024-06-06
A/dairy cow/Idaho/24_017478-005/2024	2024-06-06
A/sanderling/Virginia/W24-190K/2024	2024-03-09
A/cat/Nebraska/23-001172-001/2023	2023-01-10
A/Ross's goose/Kansas/W23-949B/2023	2023-12-07
A/Ross's goose/Kansas/W23-968B/2023	2023-12-12
A/Canada goose/North Carolina/W24-51/2024	2024-01-12
A/Canada goose/North Carolina/W24-74B/2024	2024-01-24
A/Canada goose/North Carolina/W24-90A/2024	2024-02-06
A/snow goose/Kansas/W23-961D/2023	2023-12-11
A/snow goose/Kansas/W23-968E/2023	2023-12-12
A/canada goose/Indiana/24_008719-001/2024	2024-03-12
A/canada goose/Missouri/24_006385-003/2024	2024-02-22
A/snow goose/Colorado/24_007706-001/2024	2024-02-27
A/mute swan/California/24_005918-001/2024	2024-02-06
A/turkey/Minnesota/24-017676-001/2024	2024-06-14
A/turkey/Iowa/24-017986-001/2024	2024-06-19
A/red-tailed hawk/Montana/23-034854-001/2023	2023-11-08
A/red-tailed hawk/Montana/23-034855-001/2023	2023-11-08
A/domestic cat/New Mexico/24_009116-001/2024	2024-03-20
A/swine/Oregon/24-031264-004/2024	2024-10-22
A/raccoon/Iowa/24-019376-001-R2/2024	2024-06-18
A/mountain lion/Montana/24_005908-001/2024	2024-01-30
A/mountain lion/Montana/24_010315-001/2024	2024-04-01
A/skunk/Montana/24_007939-001/2024	2024-03-11
A/skunk/Utah/24_008032-004/2024	2024-01-10
A/skunk/Washington/24_005959-001/2024	2024-02-23
A/skunk/Washington/24_005959-002/2024	2024-02-23
A/skunk/Washington/24_005959-003/2024	2024-02-23
A/feline/Montana/24-009038-001/2024	2024-03-19
A/California/168/2024	2024-10-18
A/California/155/2024	2024-10-16
A/horned grebe/Virginia/W24-219B/2024	2024-03-29
A/chicken/Florida/24-022130-003-original/2024	2024-07-31
A/chicken/Florida/24-021103-002-original/2024	2024-07-22
A/chicken/Florida/24-021103-001-original/2024	2024-07-22
A/chicken/Florida/24-020700-001-original/2024	2024-07-16
A/chicken/Florida/24-020699-001-original/2024	2024-07-16
A/chicken/Florida/24-020698-001-original/2024	2024-07-16
A/herring gull/Rhode Island/24-016702-001-original/2024	2024-05-23
A/chicken/South Carolina/24-015662-001-original/2024	2024-05-24
A/great black-backed gull/Rhode Island/24-014172-002-original/2024	2024-04-30
A/chicken/California/24-013431-002-original/2024	2024-05-02
A/bald eagle/Pennsylvania/24-012612-001-original/2024	2024-04-13
A/bufflehead/New Jersey/24-009315-003-original/2024	2024-03-20
A/bufflehead/New Jersey/24-009315-002-original/2024	2024-03-20
A/Canada goose/Massachusetts/24-007313-001-original/2024	2024-02-08
A/Canada goose/South Carolina/24-004559-001-original/2024	2024-02-06
A/Canada goose/Virginia/24-004375-001-original/2024	2024-02-06
A/mallard/New Hampshire/24-004334-027-original/2024	2024-02-02
A/mallard/New Hampshire/24-004334-004-original/2024	2024-02-02
A/mallard/New Hampshire/24-004334-002-original/2024	2024-02-02
A/mallard/New Hampshire/24-004334-001-original/2024	2024-02-02
A/mallard/Maine/24-004332-010-original/2024	2024-02-02
A/mallard/Maine/24-004331-004-original/2024	2024-02-01
A/mallard/North Dakota/23-034424-003-original/2023	2023-11-03
A/mallard/Michigan/23-034360-013-original/2023	2023-11-01
A/mallard/Indiana/23-034359-007-original/2023	2023-11-01
A/mallard/North Dakota/23-033789-006-original/2023	2023-10-25
A/green-winged teal/Delaware/23-033625-001-original/2023	2023-10-27
A/green-winged teal/Idaho/23-033317-020-original2/2023	2023-10-19
A/turkey/Missouri/24-005371-001-original/2024	2024-02-17
A/turkey/Missouri/24-005369-001-original/2024	2024-02-07
A/chicken/Ohio/24-005334-002-original/2024	2024-02-18
A/turkey/North Carolina/24-005140-002-original/2024	2024-02-15
A/chicken/Florida/24-004649-001-original/2024	2024-02-07
A/chicken/Idaho/24-004368-003-original/2024	2024-02-09
A/chicken/Pennsylvania/24-004245-004-original/2024	2024-02-07
A/chicken/Idaho/24-004163-001-original/2024	2024-02-07
A/chicken/Massachusetts/24-003817-001-original/2024	2024-02-02
A/chicken/Pennsylvania/24-003804-003-original/2024	2024-02-03
A/chicken/Nebraska/24-003792-002-original/2024	2024-02-04
A/guinea fowl/California/24-003250-002-original/2024	2024-01-18
A/chicken/Florida/24-002738-002-original/2024	2024-01-23
A/chicken/Maine/24-002533-002-original/2024	2024-01-23
A/chicken/Maine/24-002533-001-original/2024	2024-01-23
A/turkey/Indiana/24-002432-002-original/2024	2024-01-23
A/pheasant/Kansas/24-001752-002-original/2024	2024-01-18
A/ring-necked duck/Florida/23-038112-112-original/2023	2023-11-18
A/blue-winged teal/Florida/23-038112-097-original/2023	2023-11-18
A/grackle/Texas/USL_047/2024	2024-04-04
A/chicken/California/23-038157-005/2023	2023-12-02
A/chicken/California/23-038157-003/2023	2023-12-02
A/snow goose/Mississippi/23-038132-001/2023	2023-11-29
A/chicken/Kansas/23-037960-002/2023	2023-11-30
A/turkey/Wisconsin/23-037959-002/2023	2023-11-30
A/turkey/Wisconsin/23-037959-001/2023	2023-11-30
A/northern pintail/California/23-037849-010/2023	2023-11-15
A/domestic duck/Iowa/23-037774-001/2023	2023-11-28
A/American wigeon/California/23-032991-008/2023	2023-10-22
A/American wigeon/California/23-032991-005/2023	2023-10-22
A/American wigeon/California/23-032991-003/2023	2023-10-22
A/green-winged teal/Iowa/23-032986-006/2023	2023-10-19
A/blue-winged teal/Iowa/23-032986-004/2023	2023-10-19
A/mallard/North Dakota/23-032886-002/2023	2023-10-21
A/pintail/North Dakota/23-032882-004/2023	2023-10-19
A/gadwall/Oregon/23-032795-038/2023	2023-10-21
A/American wigeon/Oregon/23-032795-007/2023	2023-10-21
A/blue-winged teal/Idaho/23-028146-025/2023	2023-09-08
A/cinnamon teal/Idaho/23-028146-021/2023	2023-09-08
A/redhead duck/Idaho/23-028146-010/2023	2023-09-08
A/red-tailed_hawk/California/24-003714-001/2024	2024-01-27
A/chicken/Kansas/23-038155-002/2023	2023-12-04
A/chicken/Kansas/23-038155-001/2023	2023-12-04
A/turkey/Minnesota/23-038114-001/2023	2023-12-02
A/turkey/Minnesota/23-037474-002/2023	2023-11-24
A/turkey/Minnesota/23-037474-001/2023	2023-11-24
A/turkey/Minnesota/23-037472-001/2023	2023-11-27
A/chicken/Colorado/23-037463-002/2023	2023-11-27
A/redhead duck/Minnesota/23-032692-005/2023	2023-10-23
A/mallard/North Dakota/23-032480-003/2023	2023-10-18
A/green-winged teal/Washington/23-032370-004/2023	2023-10-18
A/blue-winged teal/Montana/23-032220-005/2023	2023-10-14
A/gadwall/North Dakota/23-031936-004/2023	2023-10-16
A/pintail/Michigan/23-031864-038/2023	2023-10-14
A/green-winged teal/Michigan/23-031864-029/2023	2023-10-14
A/green-winged teal/Oregon/23-031857-025/2023	2023-10-14
A/American wigeon/Oregon/23-031857-002/2023	2023-10-14
A/mallard/New Hampshire/23-027732-083/2023	2023-09-07
A/mallard/New Hampshire/23-027732-081/2023	2023-09-07
A/mallard/New Hampshire/23-027732-056/2023	2023-09-07
A/American white pelican/North Carolina/W24-84/2024	2024-01-23
A/red-tailed hawk/South Carolina/W24-43/2024	2024-01-09
A/american crow/Iowa/24_006634-001/2024	2024-03-01
A/turkey vulture/California/24_007419-001/2024	2024-02-20
A/common raven/California/24_007417-001/2024	2024-02-20
A/mallard/New Hampshire/24-004334-044/2024	2024-02-02
A/duck/Maine/24-004330-036/2024	2024-01-31
A/mallard/Colorado/24-003181-003/2024	2024-01-27
A/turkey/Minnesota/23-037039-001/2023	2023-11-21
A/chicken/South Dakota/23-037627-001/2023	2023-11-29
A/turkey/Missouri/23-034952-002/2023	2023-11-10
A/chicken/Iowa/23-034841-001/2023	2023-11-09
A/chicken/Iowa/23-034842-002/2023	2023-11-09
A/American white pelican/Iowa/23-034843-001/2023	2023-11-08
A/pheasant/Iowa/23-034844-001/2023	2023-11-10
A/peregrine falcon/Iowa/23-034846-001/2023	2023-11-08
A/chicken/Iowa/23-034847-001/2023	2023-11-10
A/chicken/Montana/23-034856-002/2023	2023-11-09
A/turkey/Minnesota/23-034904-002/2023	2023-11-12
A/domestic goose/Texas/23-034913-001/2023	2023-11-06
A/Canada goose/Maryland/23-034924-001/2023	2023-11-09
A/chicken/Oregon/23-034934-001/2023	2023-11-06
A/chicken/Oregon/23-034937-001/2023	2023-11-06
A/chicken/North Dakota/23-035040-001/2023	2023-11-13
A/turkey/North Dakota/23-035082-002/2023	2023-11-13
A/turkey/North Dakota/23-035082-001/2023	2023-11-13
A/chicken/Oregon/23-035544-002/2023	2023-11-14
A/chicken/Oregon/23-035545-002/2023	2023-11-13
A/chicken/Iowa/23-035546-002/2023	2023-11-14
A/chicken/Iowa/23-035546-001/2023	2023-11-14
A/domestic goose/Florida/23-035656-001/2023	2023-11-14
A/turkey/South Dakota/23-036673-002/2023	2023-11-19
A/turkey/South Dakota/23-036674-002/2023	2023-11-19
A/turkey/South Dakota/23-036675-002/2023	2023-11-17
A/turkey/South Dakota/23-036676-002/2023	2023-11-18
A/chicken/Texas/23-036713-001/2023	2023-11-20
A/chicken/Maryland/23-036719-001/2023	2023-11-16
A/turkey/Minnesota/23-036744-001/2023	2023-11-17
A/chicken/Florida/23-036761-002/2023	2023-11-17
A/turkey/Wisconsin/23-036896-002/2023	2023-11-20
A/turkey/South Dakota/23-036898-002/2023	2023-11-20
A/turkey/Minnesota/23-036928-002/2023	2023-11-20
A/turkey/Minnesota/23-036928-001/2023	2023-11-20
A/chicken/Florida/24-029152-003/2024	2024-10-02
A/chicken/Pennsylvania/24-031844-001/2024	2024-10-28
A/chicken/Florida/24-029152-002/2024	2024-10-02
A/chicken/Florida/24-027090-001/2024	2024-09-16
A/chicken/Colorado/24-020285-005/2024	2024-07-11
A/chicken/Colorado/24-020285-010/2024	2024-07-11
A/chicken/Montana/23-030330-004/2023	2023-10-07
A/chicken/Texas/24_007264-001/2024	2024-03-07
A/duck/Florida/24-027844-002-R2/2024	2024-09-19
A/wood duck/South Carolina/W24-007E/2023	2023-12-20
A/wood duck/South Carolina/W24-007C/2023	2023-12-20
A/wood duck/North Carolina/W24-011A/2023	2023-12-21
A/wood duck/South Carolina/W23-970B/2023	2023-12-20
A/mallard/Minnesota/24_006961-018/2024	2024-02-28
A/bald eagle/Washington/24_007953-001/2024	2024-03-11
A/dairy cow/California/24_027459-002-R2/2024	2024-09-16
A/dairy cow/Colorado/24_020510-001/2024	2024-07-15
A/dairy cow/Colorado/24_020712-004/2024	2024-07-16
A/dairy cow/Colorado/24_020715-003/2024	2024-07-15
A/dairy cow/Minnesota/24_020731-003/2024	2024-07-16
A/dairy cow/Minnesota/24_020731-004/2024	2024-07-16
A/dairy cow/Colorado/24_020284-005/2024	2024-07-12
A/dairy cow/Texas/USL_042/2024	2024-04-04
A/dairy cow/Texas/MP10/2024	2024-04-04
A/dairy cow/Texas/MP09/2024	2024-04-04
A/dairy cow/Iowa/24_017584-019/2024	2024-06-15
A/dairy cow/Minnesota/24_017652-003/2024	2024-06-14
A/dairy cow/Minnesota/24_017652-006/2024	2024-06-14
A/dairy cow/Minnesota/24_017652-008/2024	2024-06-14
A/dairy cow/Minnesota/24_017652-014/2024	2024-06-14
A/dairy cow/Minnesota/24_017652-017/2024	2024-06-14
A/dairy cow/Colorado/24_017152-023/2024	2024-06-11
A/dairy cow/Colorado/24_018025-001/2024	2024-06-17
A/dairy cow/Iowa/24_017584-004/2024	2024-06-15
A/dairy cow/Iowa/24_017584-005/2024	2024-06-15
A/dairy cow/Texas/24_009028-001/2024	2024-03-20
A/dairy cow/New Mexico/24_010192-003/2024	2024-04-01
A/dairy cow/South Dakota/24_010354-018-300/2024	2024-04-05
A/dairy cow/South Dakota/24_010354-009-300/2024	2024-04-05
A/dairy cow/New Mexico/24_010330-012-300/2024	2024-04-01
A/dairy cow/North Carolina/24_010327-003/2024	2024-04-04
A/dairy cow/Texas/24_009109-003/2024	2024-03-20
A/dairy cow/Texas/24_009110-026/2024	2024-03-14
A/dairy cow/Texas/24_009110-027/2024	2024-03-14
A/dairy cow/Texas/24_009308-001/2024	2024-03-19
A/dairy cow/North Carolina/24_010327-002/2024	2024-04-04
A/dairy cow/Kansas/24_009497-012/2024	2024-03-25
A/dairy_cow/Texas/24_009499-001/2024	2024-03-17
A/dairy_cow/Texas/24_009495-005/2024	2024-03-21
A/dairy_cow/Texas/24_009499-002/2024	2024-03-17
A/dairy_cow/Texas/24_009109-002/2024	2024-03-20
A/pigeon/Florida/24-027845-002/2024	2024-09-19
A/snow goose/California/24_004881-002/2024	2024-01-18
A/snow goose/California/24_004881-004/2024	2024-01-18
A/canada goose/New Mexico/24_005749-001/2024	2024-02-15
A/canada goose/Indiana/24_005146-001/2024	2024-02-14
A/domestic cat/Oklahoma/24_009118-002/2024	2024-03-20
A/California/135/2024	2024-10-01
A/California/134/2024	2024-09-30
A/sparrow/Iowa/24-018880-002/2024	2024-06-20
A/guineafowl/Washington/24-030328-001/2024	2024-10-15
A/grackle/Texas/24_008765-002/2024	2024-03-20
A/great horned owl/Oregon/24_006223-001/2024	2024-02-21
A/crow/Illinois/24_004479-001/2024	2024-02-08
A/western gull/California/24_004708-001/2024	2024-01-30
A/western sandpiper/Washington/24_004707-001/2023	2023-12-12
A/brown pelican/Florida/23-004148-001/2023	2023-02-01
A/Cooper's hawk/New Mexico/23-004581-001/2023	2023-02-04
A/black vulture/Virginia/23-004611-001/2023	2023-02-06
A/great horned owl/Colorado/23-004706-001/2023	2023-02-06
A/American crow/New York/23-004806-001/2023	2023-02-08
A/great horned owl/Montana/23-004958-001/2023	2023-02-08
A/great horned owl/New York/23-005127-001/2023	2023-02-10
A/American crow/New York/23-005128-001/2023	2023-02-13
A/sanderling/California/23-005401-001/2023	2023-02-14
A/red-tailed hawk/New York/23-005536-001/2023	2023-02-11
A/Cooper's s hawk/Colorado/23-005617-001/2023	2023-02-14
A/red-tailed hawk/Colorado/23-005618-001/2023	2023-02-14
A/great horned owl/Colorado/23-005619-001/2023	2023-02-14
A/American crow/New York/23-005695-001/2023	2023-02-20
A/Canada goose/New York/23-005698-001/2023	2023-02-15
A/peregrine falcon/New York/23-005700-001/2023	2023-02-13
A/great horned owl/California/23-005879-001/2023	2023-02-01
A/turkey vulture/California/23-005883-001/2023	2023-02-01
A/Cooper's hawk/Colorado/23-005887-001/2023	2023-02-18
A/bald eagle/Maryland/23-005987-001/2023	2023-02-21
A/Canada goose/Pennsylvania/23-006011-002/2023	2023-02-15
A/Canada goose/Pennsylvania/23-006011-003/2023	2023-02-15
A/bald eagle/South Carolina/23-006091-001/2023	2023-02-19
A/Canada goose/New York/23-006363-001/2023	2023-02-22
A/sanderling/California/23-006644-001/2023	2023-02-14
A/red-tailed hawk/California/23-006644-003/2023	2023-02-14
A/great horned owl/California/23-006649-001/2023	2023-02-23
A/Canada goose/New York/23-006664-001/2023	2023-02-27
A/American crow/Oregon/23-006741-001/2023	2023-02-21
A/Canada goose/Ohio/23-007195-001/2023	2023-02-24
A/Canada goose/Ohio/23-007195-005/2023	2023-02-24
A/Canada goose/Ohio/23-007195-008/2023	2023-02-24
A/black vulture/Louisiana/23-007375-001/2023	2023-02-18
A/American crow/Iowa/23-007468-001/2023	2023-03-02
A/bufflehead/California/23-007656-001/2023	2023-03-01
A/American crow/Iowa/23-007781-002/2023	2023-03-05
A/Canada goose/Washington/23-007799-001/2023	2023-02-27
A/red-tailed hawk/Utah/23-007867-003/2023	2023-03-03
A/American crow/Utah/23-007867-006/2023	2023-03-03
A/great horned owl/Colorado/23-007956-001/2023	2023-03-07
A/peregrine falcon/New York/23-009036-001/2023	2023-03-16
A/bald eagle/South Carolina/23-008111-001/2023	2023-03-04
A/sanderling/Oregon/23-008234-001/2023	2023-02-04
A/red-tailed hawk/Iowa/23-008517-001/2023	2023-03-05
A/red-tailed hawk/Colorado/23-008901-001/2023	2023-03-15
A/great horned owl/Colorado/23-007822-001/2023	2023-03-03
A/golden eagle/California/23-009156-001/2023	2023-03-08
A/great horned owl/California/23-009156-002/2023	2023-03-08
A/peregrine falcon/California/23-009161-001/2023	2023-03-16
A/snowy egret/California/23-009161-004/2023	2023-03-16
A/red-tailed hawk/Kansas/23-009211-001/2023	2023-03-15
A/red-tailed hawk/Pennsylvania/23-009486-001/2023	2023-02-28
A/red-tailed hawk/Connecticut/23-009880-001/2023	2023-03-23
A/red-tailed hawk/Connecticut/23-009886-001/2023	2023-03-23
A/red-tailed hawk/Minnesota/23-010018-001/2023	2023-03-26
A/Western screech owl/Washington/23-010027-001/2023	2023-03-23
A/glaucous gull/California/23-010132-001/2023	2023-03-21
A/American crow/Iowa/23-010832-001/2023	2023-04-04
A/turkey vulture/New York/23-011005-001/2023	2023-04-06
A/red-tailed hawk/Nevada/23-011168-002/2023	2023-03-23
A/magpie/Idaho/23-011169-002/2023	2023-03-28
A/red-tailed hawk/Montana/23-011216-001/2023	2023-04-03
A/western gull/California/23-011273-001/2023	2023-03-30
A/turkey vulture/Colorado/23-011447-001/2023	2023-04-10
A/turkey vulture/California/23-011452-002/2023	2023-04-07
A/mute swan/Massachusetts/23-011626-001/2023	2023-03-29
A/great horned owl/Montana/23-011850-001/2023	2023-04-12
A/sanderling/Oregon/23-011962-001/2023	2023-04-13
A/sanderling/Oregon/23-011964-001/2023	2023-04-13
A/red-tailed hawk/Nevada/23-012114-001/2023	2023-03-31
A/red-shouldered hawk/New York/23-012563-001/2023	2023-04-13
A/turkey vulture/Wyoming/23-012565-001/2023	2023-04-19
A/turkey vulture/Utah/23-012747-001/2023	2023-04-19
A/turkey vulture/Utah/23-012749-001/2023	2023-04-20
A/barn owl/Idaho/23-013072-002/2023	2023-04-18
A/red-tailed hawk/New York/23-013242-001/2023	2023-04-21
A/Canada goose/New York/23-013244-001/2023	2023-04-21
A/turkey vulture/Wyoming/23-013715-001/2023	2023-04-19
A/red-tailed hawk/New York/23-014008-001/2023	2023-04-28
A/red-tailed hawk/New York/23-014131-001/2023	2023-05-03
A/turkey vulture/Utah/23-014334-001/2023	2023-04-28
A/turkey vulture/Utah/23-014335-001/2023	2023-04-28
A/red-tailed hawk/New York/23-014343-001/2023	2023-05-01
A/turkey vulture/Pennsylvania/23-015040-001/2023	2023-04-03
A/bald eagle/Pennsylvania/23-015042-001/2023	2023-03-20
A/American crow/Pennsylvania/23-015045-001/2023	2023-03-14
A/black vulture/Pennsylvania/23-015072-001/2023	2023-04-06
A/bald eagle/Pennsylvania/23-015074-001/2023	2023-03-13
A/black vulture/Pennsylvania/23-015076-001/2023	2023-04-06
A/great horned owl/Colorado/23-015245-001/2023	2023-05-09
A/American raven/New York/23-015413-001/2023	2023-05-03
A/bald eagle/Minnesota/23-015429-001/2023	2023-05-08
A/Cooper's hawk/Montana/23-016105-001/2023	2023-04-16
A/American crow/New York/23-016152-002/2023	2023-05-18
A/peregrine falcon/Pennsylvania/23-016471-001/2023	2023-04-03
A/turkey vulture/Pennsylvania/23-015073-001/2023	2023-03-17
A/turkey vulture/Montana/23-016828-001/2023	2023-04-11
A/turkey vulture/California/23-016937-001/2023	2023-05-24
A/great horned owl/Idaho/23-017158-001/2023	2023-05-20
A/chicken/Colorado/23-034666-001/2023	2023-11-08
A/chicken/Colorado/23-034666-002/2023	2023-11-08
A/chicken/Idaho/23-034565-001/2023	2023-11-09
A/chicken/California/24-000134-004/2023	2023-12-29
A/chicken/California/24-000135-001/2023	2023-12-29
A/turkey/Wisconsin/24-000378-001/2024	2024-01-03
A/domestic goose/California/24-000492-001/2024	2024-01-03
A/chicken/Colorado/24-000499-001/2024	2024-01-04
A/chicken/Maine/24-000724-001/2024	2024-01-08
A/chicken/Minnesota/24-000764-001/2024	2024-01-04
A/pintail/Wisconsin/23-036683-012-original/2023	2023-11-12
A/green-winged teal/South Carolina/23-037141-002-original/2023	2023-11-18
A/trumpeter swan/Michigan/23-037820-001-original/2023	2023-11-22
A/green-winged teal/Florida/23-038109-005-original/2023	2023-11-25
A/pintail/Florida/23-038109-023-original/2023	2023-11-25
A/ring-necked duck/Florida/23-038109-032-original/2023	2023-11-25
A/blue-winged teal/Florida/23-038112-008-original/2023	2023-11-18
A/lesser scaup/Florida/23-038112-015-original/2023	2023-11-18
A/pheasant/Kansas/24-000769-001-original/2024	2024-01-08
A/pheasant/Kansas/24-000770-001-original/2024	2024-01-08
A/pheasant/Kansas/24-001019-001-original/2024	2024-01-10
A/chicken/Montana/24-001136-002-original/2024	2024-01-10
A/chicken/South Carolina/24-001296-005/2024	2024-01-11
A/gadwall/Louisiana/23-038130-006-original/2023	2023-11-18
A/snow goose/Mississippi/23-038133-001-original/2023	2023-11-28
A/mallard/Illinois/23-038142-012-original2/2023	2023-11-28
A/mallard/Iowa/23-038177-001-original/2023	2023-11-10
A/northern shoveler/Nevada/23-039034-004-original/2023	2023-12-02
A/Canada goose/California/23-039035-001-original/2023	2023-12-04
A/gadwall/California/23-039481-004-original/2023	2023-12-06
A/Canada goose/Michigan/24-000650-001-original/2024	2024-01-04
A/pheasant/South Dakota/24-001107-002-original/2024	2024-01-10
A/chicken/Massachusetts/24-001134-001-original/2024	2024-01-10
A/chicken/California/24-001558-004-original/2024	2024-01-15
A/chicken/California/24-001558-005-original/2024	2024-01-15
A/chicken/Washington/24-031352-002/2024	2024-10-21
A/chicken/Washington/24-031352-001/2024	2024-10-21
A/chicken/Washington/24-030039-002/2024	2024-10-11
A/chicken/Oregon/24-030904-002/2024	2024-10-21
A/chicken/Indiana/24_005716-002/2024	2024-02-21
A/chicken/Indiana/24_005716-003/2024	2024-02-21
A/chicken/Texas/24_009654-004/2024	2024-04-01
A/blue-winged teal/Louisiana/UGAI23-893/2023	2023-09-01
A/wood duck/Georgia/W24-017/2023	2023-12-23
A/bald eagle/Virginia/24_006061-001/2023	2023-02-05
A/dairy cow/Colorado/24_020940-006/2024	2024-07-19
A/dairy cow/Colorado/24_020940-002/2024	2024-07-19
A/dairy cow/Colorado/24_020940-001/2024	2024-07-19
A/dairy cow/Colorado/24_023564-001-R2/2024	2024-08-12
A/dairy cow/USA/24_028969-016/2024	2024-04-22
A/dairy cow/USA/24_029616-001/2024	2024-10-07
A/dairy cow/Michigan/24_013787-002/2024	2024-05-02
A/dairy cow/Michigan/24_013789-003/2024	2024-05-07
A/dairy cow/Michigan/24_013789-004/2024	2024-05-07
A/dairy cow/Texas/24_009775-001/2024	2024-03-10
A/dairy cow/Texas/24_009776-002/2024	2024-03-10
A/dairy cow/Texas/24_010513-002/2024	2024-03-20
A/dairy cow/Texas/24_010513-006/2024	2024-03-28
A/dairy cow/Texas/24_010514-002/2024	2024-04-03
A/dairy cow/Texas/24_009495-001/2024	2024-03-21
A/dairy cow/Texas/24_009367-003/2024	2024-03-25
A/dairy cow/Texas/24_009367-009/2024	2024-03-25
A/dairy cow/Texas/24_009367-010/2024	2024-03-25
A/dairy cow/Texas/24_009110-021/2024	2024-03-14
A/dairy cow/Michigan/24_010071-008/2024	2024-04-01
A/dairy cow/New Mexico/24_009309-001/2024	2024-03-16
A/dairy cow/Ohio/24_009586-003/2024	2024-03-29
A/dairy cow/Idaho/24_009491-005/2024	2024-03-27
A/dairy cow/Kansas/24_009497-007/2024	2024-03-25
A/dairy cow/Texas/24_009110-020/2024	2024-03-14
A/dairy cow/South Dakota/24_010354-001/2024	2024-04-05
A/dairy cow/Texas/24_009110-003/2024	2024-03-14
A/dairy cow/Texas/24_009110-015/2024	2024-03-14
A/dairy cow/South Dakota/24_010354-011/2024	2024-04-05
A/dairy cow/Texas/24_009028-002/2024	2024-03-20
